name,yearOfBirth,birthCity,birthState,college
Donta Smith,1920,Minnesota,,University of Minnesota
J.R. Smith,1920,,,
Armon Johnson,1920,Gonvick,Minnesota,Bemidji State University
Dajuan Wagner,1922,,,University of Texas at Austin
Walt Williams,1923,,,Indiana University
Damone Brown,1923,Eureka,California,Humboldt State University
Bobby Brown,1923,Versailles,Ohio,Miami University
Jonathon Simmons,1924,Birmingham,Alabama,New York University
Marcus Morris,1925,,,Northwestern University
Markieff Morris,1925,,,Northwestern University
Gerard King,1928,Charleston,West Virginia,University of Charleston
Anthony Johnson,1932,Los Angeles,California,University of Portland
Rod Strickland,1940,Jacksonville,Florida,Jacksonville University
Luke Jackson,1941,San Marcos,Texas,University of Texas-Pan American
Jeff Green,1941,,,University of Maryland
Mahmoud Abdul-Rauf,1942,Wilmington,Delaware,"University of California, Los Angeles"
David Lee,1942,Modesto,California,University of San Francisco
Willie Reed,1942,Hico,Louisiana,Grambling State University
Alando Tucker,1943,Dayton,Ohio,Oklahoma Baptist University
David Andersen,1943,Minneapolis,Minnesota,Augsburg College
Joe Smith,1944,Columbus,Mississippi,University of Southern Colorado
Josh Smith,1944,Columbus,Mississippi,University of Southern Colorado
Stanley Johnson,1944,Clairton,Pennsylvania,Murray State University
Lorenzen Wright,1945,Newark,New Jersey,Colorado State University
Antonio Anderson,1945,Buffalo,New York,Canisius College
Jeff Ayres,1945,,,
Harrison Barnes,1945,,,Northeastern University
Mitchell Butler,1946,Memphis,Tennessee,University of Memphis
Jason Thompson,1946,New York,New York,University of South Carolina
Greg Smith,1947,Princeton,Kentucky,Western Kentucky University
Joe Johnson,1947,Carthage,Mississippi,University of Iowa
Diante Garrett,1947,,,Southern Illinois University
John Thomas,1948,Canton,Georgia,Marquette University
Alvin Williams,1948,,,Drake University
Jordan Hamilton,1948,Lexington,Kentucky,University of North Texas
Alan Williams,1948,,,Drake University
Wally Szczerbiak,1949,Pittsburgh,Pennsylvania,George Washington University
James Jones,1949,,,Assumption College
Chris Johnson,1949,Corpus Christi,Texas,University of California
Chris Dudley,1950,Harrisburg,Pennsylvania,University of Washington
Bobby Jones,1951,Charlotte,North Carolina,University of North Carolina
Jordan Williams,1951,New Haven,Connecticut,New Mexico State University
Matt Barnes,1952,Providence,Rhode Island,Providence College
Dwayne Jones,1952,Houston,Texas,University of Houston
Martell Webster,1952,Baltimore,Maryland,Morgan State University
John Lucas,1953,Durham,North Carolina,University of Maryland
Mark Jones,1953,McGhee,Arkansas,Albany State University
Mike Dunleavy,1954,Brooklyn,New York,University of South Carolina
Larry Johnson,1954,Morganfield,Kentucky,University of Kentucky
DeMarco Johnson,1954,San Pedro,California,Pepperdine University
DerMarr Johnson,1954,San Pedro,California,Pepperdine University
Keith Benson,1954,New Castle,Indiana,Indiana University
James Robinson,1955,Los Angeles,California,"University of Nevada, Las Vegas"
Antoine Walker,1955,Long Island City,New York,Niagara University
Jamal Robinson,1955,Los Angeles,California,"University of Nevada, Las Vegas"
Josh Davis,1955,Detroit,Michigan,University of Dayton
Anthony Roberson,1955,Chattanooga,Tennessee,Oral Roberts University
Ronnie Brewer,1955,Fort Smith,Arkansas,University of Arkansas
Mychel Thompson,1955,Nassau,Bahamas,University of Minnesota
Andre Roberson,1955,Chattanooga,Tennessee,Oral Roberts University
Gerald Henderson,1956,Richmond,Virginia,Virginia Commonwealth University
Eddie Jones,1956,Fort Rucker,Alabama,"University of Nevada, Reno"
Frank Williams,1956,Los Angeles,California,Portland State University
Charles Jones,1957,McGehee,Arkansas,Albany State University
Danny Green,1957,Lynwood,California,"University of California, Los Angeles"
Larry Drew,1958,Kansas City,Kansas,University of Missouri
Todd Fuller,1958,Detroit,Michigan,Pepperdine University
Daequan Cook,1958,Los Angeles,California,University of Portland
Larry Nance,1959,Anderson,South Carolina,Clemson University
Rodney White,1959,Tuskegee,Alabama,University of South Alabama
Wesley Matthews,1959,Sarasota,Florida,University of Wisconsin
Royce White,1959,Tuskegee,Alabama,University of South Alabama
Walker Russell,1960,Pontiac,Michigan,Western Michigan University
Dale Ellis,1960,Marietta,Georgia,University of Tennessee
Mark West,1960,Petersburg,Virginia,Old Dominion University
A.C. Green,1960,,,
Clifford Robinson,1960,Oakland,California,University of Southern California
Damien Wilkins,1960,Pocatello,Idaho,Idaho State University
Mario West,1960,Petersburg,Virginia,Old Dominion University
Jermaine Taylor,1960,Blytheville,Arkansas,Texas Tech University
Jeffery Taylor,1960,Blytheville,Arkansas,Texas Tech University
Terry Cummings,1961,Chicago,Illinois,DePaul University
Antoine Carr,1961,Oklahoma City,Oklahoma,Wichita State University
Sam Perkins,1961,Brooklyn,New York,University of North Carolina
Kevin Willis,1961,New York,New York,St. John's University
Dennis Rodman,1961,Trenton,New Jersey,Southeastern Oklahoma State University
Isaiah Thomas,1961,Chicago,Illinois,Indiana University
Michael Cage,1962,West Memphis,Arkansas,San Diego State University
Jerome Kersey,1962,Clarksville,Virginia,Longwood University
John Stockton,1962,Spokane,Washington,Gonzaga University
Otis Thorpe,1962,Boynton Beach,Florida,Providence College
Tyrone Corbin,1962,Columbia,South Carolina,DePaul University
Patrick Ewing,1962,Kingston,Jamaica,Georgetown University
Ken Johnson,1962,Tuskegee,Alabama,Michigan State University
Joe Kleine,1962,Colorado Springs,Colorado,University of Arkansas
Kevin Johnson,1962,Tuskegee,Alabama,Michigan State University
Randell Jackson,1962,Los Angeles,California,"University of California, Los Angeles"
Rick Hughes,1962,Chicago,Illinois,Loyola University of Chicago
Bracey Wright,1962,Hollywood,California,"University of California, Los Angeles"
Brandan Wright,1962,Hollywood,California,"University of California, Los Angeles"
Patrick Ewing,1962,Kingston,Jamaica,Georgetown University
Charles Barkley,1963,Leeds,Alabama,Auburn University
Michael Jordan,1963,Brooklyn,New York,University of North Carolina
Hakeem Olajuwon,1963,Lagos,Nigeria,University of Houston
Karl Malone,1963,Summerfield,Louisiana,Louisiana Tech University
Chris Mullin,1963,New York,New York,St. John's University
Charles Oakley,1963,Cleveland,Ohio,Virginia Union University
Terry Porter,1963,Milwaukee,Wisconsin,University of Wisconsin-Stevens Point
Detlef Schrempf,1963,Leverkusen,Germany,University of Washington
Bill Wennington,1963,Montreal,Canada,St. John's University
Jeff Hornacek,1963,Elmhurst,Illinois,Iowa State University
Johnny Newman,1963,Danville,Virginia,University of Richmond
David Wingate,1963,Baltimore,Maryland,Georgetown University
Mark Davis,1963,Chesapeake,Virginia,Old Dominion University
Vinny Del,1963,,,
Sam Mitchell,1963,Columbus,Georgia,Mercer University
Mario Elie,1963,New York,New York,American International College
Rashard Lewis,1963,Philadelphia,Pennsylvania,La Salle University
Benoit Benjamin,1964,Monroe,Louisiana,Creighton University
Dell Curry,1964,Harrisonburg,Virginia,Virginia Polytechnic Institute and State University
Ron Harper,1964,Dayton,Ohio,Miami University
Chuck Person,1964,Brantley,Alabama,Auburn University
John Salley,1964,Brooklyn,New York,Georgia Institute of Technology
Armen Gilliam,1964,Pittsburgh,Pennsylvania,"University of Nevada, Las Vegas"
Olden Polynice,1964,Port-au-Prince,Haiti,University of Virginia
Reggie Williams,1964,Baltimore,Maryland,Georgetown University
Arvydas Sabonis,1964,Kaunas,Lithuania,
Kemba Walker,1964,Roberta,Georgia,University of Kentucky
Cedric Henderson,1965,Marietta,Georgia,University of Georgia
Muggsy Bogues,1965,Baltimore,Maryland,Wake Forest University
Horace Grant,1965,Augusta,Georgia,Clemson University
Mark Jackson,1965,Brooklyn,New York,St. John's University
Reggie Miller,1965,Riverside,California,"University of California, Los Angeles"
Scottie Pippen,1965,Hamburg,Arkansas,University of Central Arkansas
Mark Bryant,1965,Glen Ridge,New Jersey,Seton Hall University
Kevin Edwards,1965,Cleveland Heights,Ohio,DePaul University
Gary Grant,1965,Canton,Ohio,University of Michigan
Avery Johnson,1965,New Orleans,Louisiana,Southern University and A&M College
Steve Kerr,1965,Beirut,Lebanon,University of Arizona
Dan Majerle,1965,Traverse City,Michigan,Central Michigan University
Vernon Maxwell,1965,Gainesville,Florida,University of Florida
Will Perdue,1965,Melbourne,Florida,Vanderbilt University
Mitch Richmond,1965,Fort Lauderdale,Florida,Kansas State University
Charles Smith,1965,Bridgeport,Connecticut,University of Pittsburgh
John Starks,1965,Tulsa,Oklahoma,Oklahoma State University
David Robinson,1965,Key West,Florida,United States Naval Academy
Michael Smith,1965,Rochester,New York,Brigham Young University
Randy Brown,1965,Atlanta,Georgia,University of Idaho
Chris Smith,1965,Bridgeport,Connecticut,University of Pittsburgh
Ray Allen,1965,Milton,Florida,Florida State University
Marc Jackson,1965,Brooklyn,New York,St. John's University
Mike Smith,1965,Rochester,New York,Brigham Young University
Derrick McKey,1966,Meridian,Mississippi,University of Alabama
Hersey Hawkins,1966,Chicago,Illinois,Bradley University
Andrew Lang,1966,Pine Bluff,Arkansas,University of Arkansas
Grant Long,1966,Wayne,Michigan,Eastern Michigan University
Danny Manning,1966,Hattiesburg,Mississippi,University of Kansas
Brian Shaw,1966,Oakland,California,"University of California, Santa Barbara"
Rik Smits,1966,Eindhoven,Netherlands,Marist College
Sherman Douglas,1966,Washington,District of Columbia,Syracuse University
Tim Hardaway,1966,Chicago,Illinois,University of Texas at El Paso
Tim Legler,1966,Washington,District of Columbia,La Salle University
Anthony Mason,1966,Miami,Florida,Tennessee State University
J.R. Reid,1966,,,
Haywoode Workman,1966,Charlotte,North Carolina,Oral Roberts University
Danny Ferry,1966,Hyattsville,Maryland,Duke University
Dikembe Mutombo,1966,Kinshasa,Democratic Republic of the Congo,Georgetown University
Ervin Johnson,1966,Brooklyn,New York,University of Nebraska
Antonio Lang,1966,Pine Bluff,Arkansas,University of Arkansas
Dean Garrett,1966,Los Angeles,California,Indiana University
Tony Mitchell,1966,Toledo,Ohio,Purdue University
Rex Chapman,1967,Bowling Green,Kentucky,University of Kentucky
B.J. Armstrong,1967,,,
Dana Barros,1967,Boston,Massachusetts,Boston College
Mookie Blaylock,1967,Garland,Texas,University of Oklahoma
Terry Davis,1967,Danville,Virginia,Virginia Union University
Pervis Ellison,1967,Savannah,Georgia,University of Louisville
Tom Hammonds,1967,Fort Walton,Florida,Georgia Institute of Technology
Jaren Jackson,1967,New Orleans,Louisiana,Georgetown University
George McCloud,1967,Daytona Beach,Florida,Florida State University
Glen Rice,1967,Jacksonville,Arkansas,University of Michigan
Doug West,1967,Altoona,Pennsylvania,Villanova University
Matt Bullard,1967,Des Moines,Iowa,University of Iowa
Derrick Coleman,1967,Mobile,Alabama,Syracuse University
Tony Massenburg,1967,Sussex,Virginia,University of Maryland
Terry Mills,1967,Romulus,Michigan,University of Michigan
Greg Anthony,1967,Las Vegas,Nevada,"University of Nevada, Las Vegas"
Chris Gatling,1967,Elizabeth,New Jersey,Old Dominion University
Chris Childs,1967,Bakersfield,California,Boise State University
Eldridge Recasner,1967,New Orleans,Louisiana,University of Washington
Tobias Harris,1967,Monroe,Louisiana,University of New Orleans
Nick Anderson,1968,Chicago,Illinois,University of Illinois at Urbana-Champaign
Chucky Brown,1968,New York,New York,North Carolina State University
Vlade Divac,1968,Prijepolje,Serbia,
Sean Elliott,1968,Tucson,Arizona,University of Arizona
Dee Brown,1968,Jacksonville,Florida,Jacksonville University
Jud Buechler,1968,San Diego,California,University of Arizona
Elden Campbell,1968,Los Angeles,California,Clemson University
Duane Causwell,1968,Queens Village,New York,Temple University
Bimbo Coles,1968,Covington,Virginia,Virginia Polytechnic Institute and State University
Greg Foster,1968,Oakland,California,University of Texas at El Paso
Kendall Gill,1968,Chicago,Illinois,University of Illinois at Urbana-Champaign
Tyrone Hill,1968,Cincinnati,Ohio,Xavier University
Gary Payton,1968,Oakland,California,Oregon State University
Larry Robinson,1968,Bossier City,Louisiana,Centenary College of Louisiana
Dennis Scott,1968,Hagerstown,Maryland,Georgia Institute of Technology
Tony Smith,1968,,,
Felton Spencer,1968,Louisville,Kentucky,University of Louisville
Loy Vaught,1968,Grand Rapids,Michigan,University of Michigan
Scott Williams,1968,Hacienda Heights,California,University of North Carolina
Stacey Augmon,1968,Pasadena,California,"University of Nevada, Las Vegas"
David Benoit,1968,Lafayette,Louisiana,University of Alabama
Pete Chilcutt,1968,Sumter,South Carolina,University of North Carolina
Marty Conlon,1968,Bronx,New York,Providence College
Eric Murdock,1968,Somerville,New Jersey,Providence College
Derek Strong,1968,Los Angeles,California,Xavier University
Brent Price,1968,Shawnee,Oklahoma,University of Oklahoma
Michael Curry,1968,Anniston,Alabama,Georgia Southern University
Antonio Davis,1968,Oakland,California,University of Texas at El Paso
Reggie Jordan,1968,Chicago,Illinois,New Mexico State University
Toni Kukoc,1968,Split,Croatia,
Darrell Armstrong,1968,Gastonia,North Carolina,Fayetteville State University
Emanual Davis,1968,Philadelphia,Pennsylvania,Delaware State University
Jason Williams,1968,Ritter,South Carolina,St. John's University
Devin Brown,1968,Jacksonville,Florida,Jacksonville University
Jay Williams,1968,Ritter,South Carolina,St. John's University
Jawad Williams,1968,Ritter,South Carolina,St. John's University
Derrick Brown,1968,Jacksonville,Florida,Jacksonville University
Anthony Davis,1968,Oakland,California,University of Texas at El Paso
Nando De,1968,,,
Gary Payton,1968,Oakland,California,Oregon State University
Shawn Kemp,1969,Elkhart,Indiana,Trinity Valley Community College
Cedric Ceballos,1969,Maui,Hawaii,"California State University, Fullerton"
Victor Alexander,1969,Detroit,Michigan,Iowa State University
Isaac Austin,1969,Gridley,California,Arizona State University
Dale Davis,1969,Toccoa,Georgia,Clemson University
Rick Fox,1969,Toronto,Canada,University of North Carolina
Luc Longley,1969,Melbourne,Australia,University of New Mexico
Billy Owens,1969,Carlisle,Pennsylvania,Syracuse University
Robert Pack,1969,New Orleans,Louisiana,University of Southern California
Elliot Perry,1969,Memphis,Tennessee,University of Memphis
Bobby Phills,1969,Baton Rouge,Louisiana,Southern University and A&M College
Steve Smith,1969,Highland Park,Michigan,Michigan State University
Anthony Avent,1969,Rocky Mount,North Carolina,Seton Hall University
Jon Barry,1969,Oakland,California,Georgia Institute of Technology
John Crotty,1969,Orange,New Jersey,University of Virginia
Matt Geiger,1969,Salem,Massachusetts,Georgia Institute of Technology
Tom Gugliotta,1969,Huntington Station,New York,North Carolina State University
Christian Laettner,1969,Angola,New York,Duke University
Doug Overton,1969,Philadelphia,Pennsylvania,La Salle University
Anthony Peeler,1969,Kansas City,Missouri,University of Missouri
Sean Rooks,1969,New York,New York,University of Arizona
Lorenzo Williams,1969,Ocala,Florida,Stetson University
Corie Blount,1969,Monrovia,California,University of Cincinnati
Sam Cassell,1969,Baltimore,Maryland,Florida State University
Lou Williams,1969,Ocala,Florida,Stetson University
Steven Smith,1969,Highland Park,Michigan,Michigan State University
Troy Williams,1969,Columbia,South Carolina,South Carolina State University
Kenny Anderson,1970,Queens,New York,Georgia Institute of Technology
Terrell Brandon,1970,Portland,Oregon,University of Oregon
Stanley Roberts,1970,Hopkins,South Carolina,Louisiana State University
Doug Christie,1970,Seattle,Washington,Pepperdine University
Hubert Davis,1970,Winston-Salem,North Carolina,University of North Carolina
Todd Day,1970,Decatur,Illinois,University of Arkansas
LaPhonso Ellis,1970,East St. Louis,Illinois,University of Notre Dame
Robert Horry,1970,Andalusia,Alabama,University of Alabama
Jim Jackson,1970,Toledo,Ohio,Ohio State University
Adam Keefe,1970,Irvine,California,Stanford University
Sam Mack,1970,Chicago,Illinois,University of Houston
Don MacLean,1970,Palo Alto,California,"University of California, Los Angeles"
Oliver Miller,1970,Fort Worth,Texas,University of Arkansas
Alonzo Mourning,1970,Chesapeake,Virginia,Georgetown University
Malik Sealy,1970,Bronx,New York,St. John's University
Latrell Sprewell,1970,Milwaukee,Wisconsin,University of Alabama
Bryant Stith,1970,Emporia,Virginia,University of Virginia
Clarence Weatherspoon,1970,Crawford,Mississippi,University of Southern Mississippi
Lucious Harris,1970,Los Angeles,California,"California State University, Long Beach"
Antonio Harvey,1970,Pascagoula,Mississippi,Pfeiffer University
Lindsey Hunter,1970,Utica,Mississippi,Jackson State University
Popeye Jones,1970,Dresden,Tennessee,Murray State University
George Lynch,1970,Roanoke,Virginia,University of North Carolina
Chris Mills,1970,Los Angeles,California,University of Arizona
Bryon Russell,1970,San Bernardino,California,"California State University, Long Beach"
Nick Van,1970,,,
Rex Walters,1970,Omaha,Nebraska,University of Kansas
David Wesley,1970,San Antonio,Texas,Baylor University
Eric Piatkowski,1970,Steubenville,Ohio,University of Nebraska
Reggie Slater,1970,Houston,Texas,University of Wyoming
Mark Strickland,1970,Atlanta,Georgia,Temple University
Zan Tabak,1970,Split,Croatia,
Charlie Ward,1970,Thomasville,Georgia,Florida State University
John Amaechi,1970,Boston,Massachusetts,Pennsylvania State University
Corliss Williamson,1970,Twiggs,Georgia,Oklahoma State University
Shane Heal,1970,Melbourne,Australia,
Tony Farmer,1970,Los Angeles,California,University of Nebraska
Lawrence Funderburke,1970,Columbus,Ohio,Ohio State University
Stephen Jackson,1970,Tuskegee,Alabama,University of Alabama at Birmingham
Darius Johnson-Odom,1970,Morgan City,Louisiana,Syracuse University
Tracy Murray,1971,Los Angeles,California,"University of California, Los Angeles"
Vin Baker,1971,Lake Wales,Florida,University of Hartford
Scott Burrell,1971,New Haven,Connecticut,University of Connecticut
Calbert Cheaney,1971,Evansville,Indiana,Indiana University
Anfernee Hardaway,1971,Memphis,Tennessee,University of Memphis
Allan Houston,1971,Louisville,Kentucky,University of Tennessee
Gheorghe Muresan,1971,Triteni,Romania,
Bo Outlaw,1971,San Antonio,Texas,University of Houston
Isaiah Rider,1971,Oakland,California,"University of Nevada, Las Vegas"
Rodney Rogers,1971,Durham,North Carolina,Wake Forest University
Chris Whitney,1971,Hopkinsville,Kentucky,Clemson University
Aaron Williams,1971,Evanston,Illinois,Xavier University
Darrick Martin,1971,Denver,Colorado,"University of California, Los Angeles"
Anthony Miller,1971,Benton Harbor,Michigan,Michigan State University
Eric Montross,1971,Indianapolis,Indiana,University of North Carolina
Wesley Person,1971,Crenshaw,Alabama,Auburn University
Carlos Rogers,1971,Detroit,Michigan,Tennessee State University
Fred Vinson,1971,Murfreesboro,North Carolina,Georgia Institute of Technology
Monty Williams,1971,Fredericksburg,Virginia,University of Notre Dame
Brent Barry,1971,Hempstead,New York,Oregon State University
John Coker,1971,Richland,Washington,Boise State University
Anthony Goldwire,1971,West Palm Beach,Florida,University of Houston
Bruce Bowen,1971,Merced,California,"California State University, Fullerton"
Matt Maloney,1971,Silver Spring,Maryland,University of Pennsylvania
Roy Rogers,1971,Durham,North Carolina,Wake Forest University
Kornel David,1971,Hungary,,
Andre Miller,1971,Benton Harbor,Michigan,Michigan State University
Alton Ford,1971,Greenwood,Mississippi,Mississippi Valley State University
Antoine Rigaudeau,1971,Cholet,France,
Mo Williams,1971,Fredericksburg,Virginia,University of Notre Dame
Shaquille O'Neal,1972,Newark,New Jersey,Louisiana State University
Shawn Bradley,1972,Landstuhl,Germany,Brigham Young University
P.J. Brown,1972,,,
Jamal Mashburn,1972,New York,New York,University of Kentucky
Bill Curley,1972,Boston,Massachusetts,Boston College
Howard Eisley,1972,Detroit,Michigan,Boston College
Brian Grant,1972,Columbus,Ohio,Xavier University
Grant Hill,1972,Dallas,Texas,Duke University
Jim McIlvaine,1972,Racine,Wisconsin,Marquette University
Aaron McKie,1972,Philadelphia,Pennsylvania,Temple University
Khalid Reeves,1972,Queens,New York,University of Arizona
Dickey Simpkins,1972,Fort Washington,Maryland,Providence College
Travis Best,1972,Springfield,Massachusetts,Georgia Institute of Technology
Alan Henderson,1972,Indianapolis,Indiana,Indiana University
Fred Hoiberg,1972,Lincoln,Nebraska,Iowa State University
Kurt Thomas,1972,Dallas,Texas,Texas Christian University
Eric Williams,1972,Newark,New Jersey,Providence College
Ben Davis,1972,Vero Beach,Florida,University of Arizona
Devin Gray,1972,Baltimore,Maryland,Clemson University
Michael Hawkins,1972,Canton,Ohio,Xavier University
Shawnelle Scott,1972,New York,New York,St. John's University
Rick Brunson,1972,Syracuse,New York,Temple University
Kevin Ollie,1972,Dallas,Texas,University of Connecticut
Mark Pope,1972,Omaha,Nebraska,University of Kentucky
Lazaro Borrell,1972,Santa Clara,Cuba,
Art Long,1972,Rochester,New York,University of Cincinnati
Zeljko Rebraca,1972,Apatin,Serbia,
Sharrod Ford,1972,Baton Rouge,Louisiana,University of Illinois at Chicago
Chris Webber,1973,Detroit,Michigan,University of Michigan
Juwan Howard,1973,Chicago,Illinois,University of Michigan
Jason Kidd,1973,San Francisco,California,University of California
Donyell Marshall,1973,Reading,Pennsylvania,University of Connecticut
Lamond Murray,1973,Pasadena,California,University of California
Glenn Robinson,1973,Gary,Indiana,Purdue University
Jalen Rose,1973,Detroit,Michigan,University of Michigan
Cory Alexander,1973,Waynesboro,Virginia,University of Virginia
Mario Bennett,1973,Denton,Texas,Arizona State University
Jason Caffey,1973,Mobile,Alabama,University of Alabama
Andrew DeClercq,1973,Detroit,Michigan,University of Florida
Tyus Edney,1973,Gardena,California,"University of California, Los Angeles"
Michael Finley,1973,Melrose Park,Illinois,University of Wisconsin
Voshon Lenard,1973,Detroit,Michigan,University of Minnesota
Donny Marshall,1973,Reading,Pennsylvania,University of Connecticut
Greg Ostertag,1973,Dallas,Texas,University of Kansas
Cherokee Parks,1973,,,Idaho State University
Theo Ratliff,1973,Demopolis,Alabama,University of Wyoming
Bryant Reeves,1973,Fort Smith,Arkansas,Oklahoma State University
Don Reid,1973,Washington,District of Columbia,Georgetown University
Eric Snow,1973,Canton,Ohio,Michigan State University
Damon Stoudamire,1973,Portland,Oregon,University of Arizona
Bob Sura,1973,Wilkes-Barre,Pennsylvania,Florida State University
Shandon Anderson,1973,Atlanta,Georgia,University of Georgia
Darvin Ham,1973,Saginaw,Michigan,Texas Tech University
Amal McCaskill,1973,Maywood,Illinois,Marquette University
Moochie Norris,1973,Washington,District of Columbia,University of West Florida
Joe Stephens,1973,Riverside,California,University of Arkansas at Little Rock
Erick Strickland,1973,Opelika,Alabama,University of Nebraska
Jerome Williams,1973,Washington,District of Columbia,Georgetown University
Drew Barry,1973,Oakland,California,Georgia Institute of Technology
Etdrick Bohannon,1973,San Bernardino,California,Auburn University at Montgomery
Bobby Jackson,1973,East Spencer,North Carolina,University of Minnesota
Rusty LaRue,1973,Winston-Salem,North Carolina,Wake Forest University
Rodrick Rhodes,1973,Jersey City,New Jersey,University of Southern California
Ira Bowman,1973,Newark,New Jersey,University of Pennsylvania
A.J. Bramlett,1973,,,
Jamel Thomas,1973,Brooklyn,New York,Providence College
Courtney Alexander,1973,Waynesboro,Virginia,University of Virginia
Jason Collier,1973,Jacksonville,Florida,Florida State University
Ruben Garces,1973,Colon,Panama,Providence College
Garth Joseph,1973,Roseau,Dominica,College of Saint Rose
Mamadou N'Diaye,1973,Dakar,Senegal,University of North Carolina
Dragan Tarlac,1973,Belgrade,Serbia,
David Vanterpool,1973,Daytona Beach,Florida,St. Bonaventure University
Ruben Wolkowyski,1973,Buenos Aries,Argentina,
Jarron Collins,1973,Jacksonville,Florida,Florida State University
Jason Collins,1973,Jacksonville,Florida,Florida State University
Pat Burke,1973,Dublin,Ireland,Auburn University
Juaquin Hawkins,1973,Gardena,California,"California State University, Long Beach"
Ben Handlogten,1973,Grand Rapids,Michigan,Western Michigan University
James Thomas,1973,Brooklyn,New York,Providence College
Chris Carr,1974,Ironton,Missouri,Southern Illinois University
Antonio McDyess,1974,Quitman,Mississippi,University of Alabama
Jerry Stackhouse,1974,Kinston,North Carolina,University of North Carolina
Gary Trent,1974,Columbus,Ohio,Ohio University
Rasheed Wallace,1974,Philadelphia,Pennsylvania,University of North Carolina
Marcus Brown,1974,West Memphis,Arkansas,Murray State University
Marcus Camby,1974,Hartford,Connecticut,University of Massachusetts Amherst
Tony Delk,1974,Covington,Tennessee,University of Kentucky
Jamie Feick,1974,Lexington,Ohio,Michigan State University
Derek Fisher,1974,Little Rock,Arkansas,University of Arkansas at Little Rock
Othella Harrington,1974,Jackson,Mississippi,Georgetown University
Mark Hendrickson,1974,Mount Vernon,Washington,Washington State University
Kerry Kittles,1974,Dayton,Ohio,Villanova University
Travis Knight,1974,Salt Lake City,Utah,University of Connecticut
Walter McCarty,1974,Evansville,Indiana,University of Kentucky
Jeff McInnis,1974,Charlotte,North Carolina,University of North Carolina
Steve Nash,1974,Johannesburg,South Africa,Santa Clara University
Malik Rose,1974,Philadelphia,Pennsylvania,Drexel University
Ben Wallace,1974,White Hall,Alabama,Virginia Union University
John Wallace,1974,Rochester,New York,Syracuse University
Tariq Abdul-Wahad,1974,Maisons Alfort,France,San Jose State University
Derek Anderson,1974,Louisville,Kentucky,University of Kentucky
Kelvin Cato,1974,Atlanta,Georgia,Iowa State University
Kiwane Garris,1974,Chicago,Illinois,University of Illinois at Urbana-Champaign
Johnny Taylor,1974,Chattanooga,Tennessee,University of Tennessee at Chattanooga
Bryce Drew,1974,Baton Rouge,Louisiana,Valparaiso University
Paul Grant,1974,Pittsburgh,Pennsylvania,University of Wisconsin
Felipe Lopez,1974,Santo Domingo,Dominican Republic,St. John's University
Chucky Atkins,1974,Orlando,Florida,University of South Florida
Adrian Griffin,1974,Wichita,Kansas,Seton Hall University
Dedric Willoughby,1974,New Orleans,Louisiana,Iowa State University
Metta World,1974,,,
Mike Penberthy,1974,Los Gatos,California,Master's College
Horace Jenkins,1974,Elizabeth,New Jersey,William Paterson University
Ibo Kutluay,1974,Istanbul,Turkey,
Markel Brown,1974,West Memphis,Arkansas,Murray State University
Thomas Hamilton,1975,Chicago,Illinois,University of Pittsburgh
Erick Dampier,1975,Jackson,Mississippi,Mississippi State University
Allen Iverson,1975,Hampton,Virginia,Georgetown University
Randy Livingston,1975,New Orleans,Louisiana,Louisiana State University
Vitaly Potapenko,1975,Kiev,Ukraine,Wright State University
Chris Anstey,1975,Melbourne,Australia,
Chris Crawford,1975,Kalamazoo,Michigan,Marquette University
Austin Croshere,1975,Los Angeles,California,Providence College
Antonio Daniels,1975,Columbus,Ohio,Bowling Green State University
Adonal Foyle,1975,Canouan,Saint Vincent and the Grenadines,Colgate University
Chris Garner,1975,Memphis,Tennessee,University of Memphis
Zydrunas Ilgauskas,1975,Kaunas,Lithuania,
Brevin Knight,1975,Livingston,New Jersey,Stanford University
Anthony Parker,1975,Naperville,Illinois,Bradley University
Scot Pollard,1975,Murray,Utah,University of Kansas
Michael Stewart,1975,Cucq-Trepied-Stella-Plage,France,University of California
Jacque Vaughn,1975,Los Angeles,California,University of Kansas
Brandon Williams,1975,Collinston,Louisiana,Davidson College
Toby Bailey,1975,Los Angeles,California,"University of California, Los Angeles"
Keon Clark,1975,Danville,Illinois,"University of Nevada, Las Vegas"
Michael Dickerson,1975,Greenville,South Carolina,University of Arizona
Sam Jacobson,1975,Cottage Grove,Minnesota,University of Minnesota
Jerome James,1975,Tampa,Florida,Florida Agricultural and Mechanical University
Sean Marks,1975,Auckland,New Zealand,University of California
Roshown McLeod,1975,Jersey City,New Jersey,Duke University
Cuttino Mobley,1975,Philadelphia,Pennsylvania,University of Rhode Island
Mikki Moore,1975,Orangeburg,South Carolina,University of Nebraska
Michael Olowokandi,1975,Lagos,Nigeria,University of the Pacific
Andrae Patterson,1975,Riverside,California,Indiana University
Ruben Patterson,1975,Cleveland,Ohio,University of Cincinnati
Ryan Stack,1975,Nashville,Tennessee,University of South Carolina
Shammond Williams,1975,Bronx,New York,University of North Carolina
Ryan Bowen,1975,Fort Madison,Iowa,University of Iowa
Anthony Carter,1975,Milwaukee,Wisconsin,University of Hawaii
Derrick Dial,1975,Detroit,Michigan,Eastern Michigan University
Obinna Ekezie,1975,Port Harcourt,Nigeria,University of Maryland
Evan Eschmeyer,1975,New Knoxville,Ohio,Northwestern University
Chris Herren,1975,Fall River,Massachusetts,"California State University, Fresno"
Jason Miskiri,1975,Georgetown,Guyana,George Mason University
Mark Blount,1975,Dobbs Ferry,New York,University of Pittsburgh
Sean Colson,1975,Philadelphia,Pennsylvania,University of North Carolina at Charlotte
Zendon Hamilton,1975,Floral Park,New York,St. John's University
Lee Nailon,1975,South Bend,Indiana,Texas Christian University
Ira Newble,1975,Southfield,Michigan,Miami University
Mengke Bateer,1975,Beijing,China,
Predrag Drobnjak,1975,Bijelo Polje,Montenegro,
Isaac Fontaine,1975,Sacramento,California,Washington State University
Mike James,1975,Copaigue,New York,Duquesne University
Maceo Baston,1975,Corsicana,Texas,University of Michigan
Nate Huffman,1975,Battle Creek,Michigan,Central Michigan University
Brandin Knight,1975,Livingston,New Jersey,Stanford University
Billy Thomas,1975,Shreveport,Louisiana,University of Kansas
Fabricio Oberto,1975,Las Varillas,Argentina,
Shawne Williams,1975,Bronx,New York,University of North Carolina
Shelden Williams,1975,Bronx,New York,University of North Carolina
Dominique Jones,1975,Nashville,Tennessee,Mississippi State University
Brandon Knight,1975,Livingston,New Jersey,Stanford University
Kevin Garnett,1976,Mauldin,South Carolina,
Shareef Abdur-Rahim,1976,Marietta,Georgia,University of California
Samaki Walker,1976,Columbus,Ohio,University of Louisville
Tony Battie,1976,Dallas,Texas,Texas Tech University
Chauncey Billups,1976,Denver,Colorado,University of Colorado
Keith Closs,1976,Hartford,Connecticut,Central Connecticut State University
Tim Duncan,1976,St. Croix,U.S. Virgin Islands,Wake Forest University
Danny Fortson,1976,Philadelphia,Pennsylvania,University of Cincinnati
Troy Hudson,1976,Carbondale,Illinois,Southern Illinois University
Ron Mercer,1976,Nashville,Tennessee,University of Kentucky
Maurice Taylor,1976,Detroit,Michigan,University of Michigan
Earl Boykins,1976,Cleveland,Ohio,Eastern Michigan University
Pat Garrity,1976,Las Vegas,Nevada,University of Notre Dame
Matt Harpring,1976,Cincinnati,Ohio,Georgia Institute of Technology
Antawn Jamison,1976,Shreveport,Louisiana,University of North Carolina
Damon Jones,1976,Galveston,Texas,University of Houston
Raef LaFrentz,1976,Hampton,Iowa,University of Kansas
Brad Miller,1976,Fort Wayne,Indiana,Purdue University
Tyrone Nesby,1976,Cairo,Illinois,"University of Nevada, Las Vegas"
Rasho Nesterovic,1976,Ljubljana,Slovenia,
Brian Skinner,1976,Temple,Texas,Baylor University
Vladimir Stepania,1976,Georgia,,
Bonzi Wells,1976,Muncie,Indiana,Ball State University
Jahidi White,1976,St. Louis,Missouri,Georgetown University
Rafer Alston,1976,New York,New York,"California State University, Fresno"
Calvin Booth,1976,Reynoldsburg,Ohio,Pennsylvania State University
Greg Buckner,1976,Hopkinsville,Kentucky,Clemson University
Vonteego Cummings,1976,Thomson,Georgia,University of Pittsburgh
Derek Hood,1976,Kansas City,Missouri,University of Arkansas
Jermaine Jackson,1976,Detroit,Michigan,University of Detroit Mercy
Tim James,1976,Miami,Florida,University of Miami
Harold Jamison,1976,Orangeburg,South Carolina,Clemson University
Trajan Langdon,1976,Palo Alto,California,Duke University
Todd MacCulloch,1976,Winnipeg,Canada,University of Washington
Scott Padgett,1976,Louisville,Kentucky,University of Kentucky
Aleksandar Radojevic,1976,Herceg Novi,Montenegro,Barton County Community College
Ryan Robertson,1976,Lawton,Oklahoma,University of Kansas
Eddie Robinson,1976,Flint,Michigan,University of Central Oklahoma
Mirsad Turkcan,1976,Novi Pazar,Serbia,
Wayne Turner,1976,Boston,Massachusetts,University of Kentucky
Tim Young,1976,Santa Cruz,California,Stanford University
Raja Bell,1976,St. Croix,U.S. Virgin Islands,Florida International University
Steve Goodrich,1976,Philadelphia,Pennsylvania,Princeton University
A.J. Guyton,1976,,,
Mark Madsen,1976,Walnut Creek,California,Stanford University
Hanno Mottola,1976,Helsinki,Finland,University of Utah
Eduardo Najera,1976,Meoqui,Mexico,University of Oklahoma
Terrance Roberson,1976,Saginaw,Michigan,"California State University, Fresno"
Daniel Santiago,1976,Lubbock,Texas,Saint Vincent College
Tremaine Fowlkes,1976,Los Angeles,California,"California State University, Fresno"
Ansu Sesay,1976,Greensboro,North Carolina,University of Mississippi
Oscar Torres,1976,Caracas,Venezuela,
Efthimi Rentzias,1976,Trikala,Greece,
Predrag Savovic,1976,Pula,Croatia,University of Hawaii
Torraye Braggs,1976,Fresno,California,Xavier University
Maurice Carter,1976,Jackson,Mississippi,Louisiana State University
Francisco Elson,1976,Rotterdam,Netherlands,University of California
Dahntay Jones,1976,Galveston,Texas,University of Houston
Geno Carlisle,1976,Grand Rapids,Michigan,University of California
Sarunas Jasikevicius,1976,Kaunas,Lithuania,University of Maryland
James White,1976,St. Louis,Missouri,Georgetown University
Damian Jones,1976,Galveston,Texas,University of Houston
Stephon Marbury,1977,Brooklyn,New York,Georgia Institute of Technology
Tim Thomas,1977,Paterson,New Jersey,Villanova University
Keith Van,1977,,,
Vince Carter,1977,Daytona Beach,Florida,University of North Carolina
Michael Doleac,1977,San Antonio,Texas,University of Utah
Tyronn Lue,1977,Mexico,Missouri,University of Nebraska
Jelani McCoy,1977,Oakland,California,"University of California, Los Angeles"
Nazr Mohammed,1977,Chicago,Illinois,University of Kentucky
Paul Pierce,1977,Oakland,California,University of Kansas
Peja Stojakovic,1977,Slavoska Pozega ,Croatia,
Robert Traylor,1977,Detroit,Michigan,University of Michigan
Cal Bowdler,1977,Sharps,Virginia,Old Dominion University
Rodney Buford,1977,Milwaukee,Wisconsin,Creighton University
John Celestand,1977,Houston,Texas,Villanova University
Jeff Foster,1977,San Antonio,Texas,Texas State University
Steve Francis,1977,Silver Spring,Maryland,University of Maryland
Devean George,1977,Minneapolis,Minnesota,Augsburg College
Lari Ketner,1977,Philadelphia,Pennsylvania,University of Massachusetts Amherst
Quincy Lewis,1977,Little Rock,Arkansas,University of Minnesota
James Posey,1977,Cleveland,Ohio,Xavier University
Laron Profit,1977,Charleston,South Carolina,University of Maryland
Michael Ruffin,1977,Denver,Colorado,University of Tulsa
Jason Terry,1977,Seattle,Washington,University of Arizona
Kenny Thomas,1977,Atlanta,Georgia,University of New Mexico
Brian Cardinal,1977,Tolono,Illinois,Purdue University
Mateen Cleaves,1977,Flint,Michigan,Michigan State University
Dan Langhi,1977,Chicago,Illinois,Vanderbilt University
Kenyon Martin,1977,Saginaw,Michigan,University of Cincinnati
Desmond Mason,1977,Waxahachie,Texas,Oklahoma State University
Dan McClintock,1977,Fountain Valley,California,Northern Arizona University
Andy Panko,1977,Harrisburg,Pennsylvania,Lebanon Valley College
Morris Peterson,1977,Flint,Michigan,Michigan State University
Pepe Sanchez,1977,Bahia Blanca,Argentina,Temple University
Jabari Smith,1977,Atlanta,Georgia,Louisiana State University
Jake Voskuhl,1977,Tulsa,Oklahoma,University of Connecticut
Wang Zhizhi,1977,Beijing,China,
Mike Batiste,1977,Long Beach,California,Arizona State University
Manu Ginobili,1977,Bahia Blanca,Argentina,
Gordan Giricek,1977,Zagreb,Croatia,
Guy Rucker,1977,Inkster,Michigan,University of Iowa
Paul Shirley,1977,Meriden,Kansas,Iowa State University
Desmond Ferguson,1977,Lansing,Michigan,University of Detroit Mercy
T.J. Ford,1977,,,
Richie Frahm,1977,Battle Ground,Washington,Gonzaga University
Ime Udoka,1977,Portland,Oregon,Portland State University
Kevin Martin,1977,Saginaw,Michigan,University of Cincinnati
Awvee Storey,1977,Chicago,Illinois,Arizona State University
Boniface N'Dong,1977,Dakar,Senegal,
Jorge Garbajosa,1977,Madrid,Spain,
Jason Smith,1977,Atlanta,Georgia,Louisiana State University
D.J. Strawberry,1977,,,
Pablo Prigioni,1977,Rio Tercero,Argentina,
Kobe Bryant,1978,Philadelphia,Pennsylvania,
Jermaine O'Neal,1978,Columbia,South Carolina,
Corey Benjamin,1978,Compton,California,Oregon State University
Mike Bibby,1978,Cherry Hill,New Jersey,University of Arizona
Dirk Nowitzki,1978,Wurzburg,Germany,
Dion Glover,1978,Marietta,Georgia,Georgia Institute of Technology
Richard Hamilton,1978,Coatesville,Pennsylvania,University of Connecticut
Shawn Marion,1978,Waukegan,Illinois,"University of Nevada, Las Vegas"
Milt Palacio,1978,Los Angeles,California,Colorado State University
Erick Barkley,1978,Queens,New York,St. John's University
Marcus Fizer,1978,Detroit,Michigan,Iowa State University
Eddie Gill,1978,Aurora,Colorado,Weber State University
Jason Hart,1978,Los Angeles,California,Syracuse University
Eddie House,1978,Berkeley,California,Arizona State University
Jamaal Magloire,1978,Toronto,Canada,University of Kentucky
Paul McPherson,1978,Chicago,Illinois,DePaul University
Jerome Moiso,1978,Paris,France,"University of California, Los Angeles"
Chris Porter,1978,Abbeville,Alabama,Auburn University
Lavor Postell,1978,Albany,Georgia,St. John's University
Soumaila Samake,1978,Bougouni,Mali,
Malik Allen,1978,Willingboro,New Jersey,Villanova University
Chris Andersen,1978,Long Beach,California,Blinn College
Shane Battier,1978,Birmingham,Michigan,Duke University
Ruben Boumtje-Boumtje,1978,Edda,Cameroon,Georgetown University
Speedy Claxton,1978,Queens,New York,Hofstra University
Maurice Evans,1978,Wichita,Kansas,University of Texas at Austin
Tang Hamilton,1978,Jackson,Mississippi,Mississippi State University
Alvin Jones,1978,Luxembourg,Luxembourg,Georgia Institute of Technology
Dean Oliver,1978,Quincy,Illinois,University of Iowa
Brian Scalabrine,1978,Long Beach,California,University of Southern California
Will Solomon,1978,Hartford,Connecticut,Clemson University
Etan Thomas,1978,Harlem,New York,Syracuse University
Jamaal Tinsley,1978,Brooklyn,New York,Iowa State University
Loren Woods,1978,St. Louis,Missouri,University of Arizona
Dan Dickau,1978,Portland,Oregon,Gonzaga University
Juan Dixon,1978,Baltimore,Maryland,University of Maryland
Melvin Ely,1978,Harvey,Illinois,"California State University, Fresno"
Dan Gadzuric,1978,Den Haag,Netherlands,"University of California, Los Angeles"
Marko Jaric,1978,Belgrade,Serbia,
Igor Rakocevic,1978,Belgrade,Serbia,
Kaniel Dickens,1978,Denver,Colorado,University of Idaho
Travis Hansen,1978,Provo,Utah,Brigham Young University
Darius Songaila,1978,Marijampole,Lithuania,Wake Forest University
Alex Scales,1978,Racine,Wisconsin,University of Oregon
Tracy McGrady,1979,Bartow,Florida,
Ricky Davis,1979,Las Vegas,Nevada,University of Iowa
Larry Hughes,1979,St. Louis,Missouri,Saint Louis University
William Avery,1979,Augusta,Georgia,Duke University
Elton Brand,1979,Cortlandt Manor,New York,Duke University
Baron Davis,1979,Los Angeles,California,"University of California, Los Angeles"
Jumaine Jones,1979,Cocoa,Florida,University of Georgia
Corey Maggette,1979,Melrose Park,Illinois,Duke University
Lamar Odom,1979,Jamaica,New York,University of Rhode Island
Khalid El-Amin,1979,Minneapolis,Minnesota,University of Connecticut
Stanislav Medvedenko,1979,Karapyshi,Ukraine,
Chris Mihm,1979,Milwaukee,Wisconsin,University of Texas at Austin
Joel Przybilla,1979,Monticello,Minnesota,University of Minnesota
Michael Redd,1979,Columbus,Ohio,Ohio State University
Stromile Swift,1979,Shreveport,Louisiana,Louisiana State University
Jake Tsakalidis,1979,Rustavi,Georgia,
Hedo Turkoglu,1979,Istanbul,Turkey,
Carlos Arroyo,1979,Fajardo,Puerto Rico,Florida International University
Charlie Bell,1979,Flint,Michigan,Michigan State University
Michael Bradley,1979,Worcester,Massachusetts,Villanova University
Primoz Brezec,1979,Postojna,Slovenia,
Ernest Brown,1979,Bronx,New York,Indian Hills Community College
Tierre Brown,1979,Iowa,Louisiana,McNeese State University
Joe Crispin,1979,Pitman,New Jersey,Pennsylvania State University
Trenton Hassell,1979,Clarksville,Tennessee,Austin Peay State University
Kirk Haston,1979,Loblesville,Tennessee,Indiana University
Brendan Haywood,1979,New York,New York,University of North Carolina
Terence Morris,1979,Frederick,Maryland,University of Maryland
Norm Richardson,1979,Brooklyn,New York,Hofstra University
Jeryl Sasser,1979,Dallas,Texas,Southern Methodist University
Jeff Trepagnier,1979,Los Angeles,California,University of Southern California
Ratko Varda,1979,Bosanska Gradiska,Bosnia and Herzegovina,
Earl Watson,1979,Kansas City,Kansas,"University of California, Los Angeles"
Lonny Baxter,1979,Silver Spring,Maryland,University of Maryland
Rasual Butler,1979,Philadelphia,Pennsylvania,La Salle University
Ryan Humphrey,1979,Tulsa,Oklahoma,University of Notre Dame
Fred Jones,1979,Malvern,Arkansas,University of Oregon
Sean Lampley,1979,Harvey,Illinois,University of California
Ronald Murray,1979,Philadelphia,Pennsylvania,Shaw University
Mehmet Okur,1979,Yalova,Turkey,
Chris Owens,1979,Akron,Ohio,University of Texas at Austin
Jannero Pargo,1979,Chicago,Illinois,University of Arkansas
John Salmons,1979,Philadelphia,Pennsylvania,University of Miami
Cezary Trybanski,1979,Warsaw,Poland,
Mike Wilks,1979,Milwaukee,Wisconsin,Rice University
Britton Johnsen,1979,Salt Lake City,Utah,University of Utah
Keith McLeod,1979,Canton,Ohio,Bowling Green State University
Maurice Baker,1979,Granite City,Illinois,Oklahoma State University
Tony Bobbitt,1979,Daytona,Florida,University of Cincinnati
Corsley Edwards,1979,Baltimore,Maryland,Central Connecticut State University
Andres Nocioni,1979,Santa Fe,Argentina,
Kevin Burleson,1979,Seattle,Washington,University of Minnesota
Anthony Grundy,1979,Louisville,Kentucky,North Carolina State University
Randy Holcomb,1979,Chicago,Illinois,San Diego State University
Lynn Greer,1979,Philadelphia,Pennsylvania,Temple University
Walter Herrmann,1979,Venado Tuerto,Argentina,
Brice Johnson,1979,Salt Lake City,Utah,University of Utah
Al Harrington,1980,Orange,New Jersey,
Bruno Sundov,1980,Split,Croatia,
Dalibor Bagaric,1980,Croatia,,
Jamal Crawford,1980,Seattle,Washington,University of Michigan
Keyon Dooling,1980,Ft. Lauderdale,Florida,University of Missouri
Donnell Harvey,1980,Shellman,Georgia,University of Florida
Mike Miller,1980,Mitchell,South Dakota,University of Florida
Quentin Richardson,1980,Chicago,Illinois,DePaul University
Brandon Armstrong,1980,San Francisco,California,Pepperdine University
Jamison Brewer,1980,East Point,Georgia,Auburn University
Pau Gasol,1980,Barcelona,Spain,
Richard Jefferson,1980,Los Angeles,California,University of Arizona
Troy Murphy,1980,Morristown,New Jersey,University of Notre Dame
Vladimir Radmanovic,1980,Trebinje Srpska-Bih,Bosnia and Herzegovina,
Bobby Simmons,1980,Chicago,Illinois,DePaul University
Leon Smith,1980,Chicago,Illinois,
Robert Archibald,1980,Paisley,United Kingdom,University of Illinois at Urbana-Champaign
Caron Butler,1980,Racine,Wisconsin,University of Connecticut
Reggie Evans,1980,Pensacola,Florida,University of Iowa
Marcus Haislip,1980,Lewisburg,Tennessee,University of Tennessee
Adam Harrington,1980,Bernardston,Massachusetts,Auburn University
Junior Harrington,1980,Wagram,North Carolina,Wingate University
Chris Jefferies,1980,Fresno,California,"California State University, Fresno"
Roger Mason,1980,Washington,District of Columbia,University of Virginia
Yao Ming,1980,Shanghai,China,
Bostjan Nachbar,1980,Slovenj Gradec,Slovenia,
Tayshaun Prince,1980,Compton,California,University of Kentucky
Kareem Rush,1980,Kansas City,Missouri,University of Missouri
Tamar Slay,1980,Beckley,West Virginia,Marshall University
Jiri Welsch,1980,Pardubice,Czech Republic,
Jerome Beasley,1980,Compton,California,University of North Dakota
Troy Bell,1980,Minneapolis,Minnesota,Boston College
Steve Blake,1980,Hollywood,Florida,University of Maryland
Keith Bogans,1980,Alexandria,Virginia,University of Kentucky
Curtis Borchardt,1980,Buffalo,New York,Stanford University
Matt Carroll,1980,Pittsburgh,Pennsylvania,University of Notre Dame
Brian Cook,1980,Lincoln,Illinois,University of Illinois at Urbana-Champaign
Alex Garcia,1980,Orlandia,Brazil,
Udonis Haslem,1980,Miami,Florida,University of Florida
Josh Howard,1980,Winston-Salem,North Carolina,Wake Forest University
Brandon Hunter,1980,Cincinnati,Ohio,Ohio University
Linton Johnson,1980,Chicago,Illinois,Tulane University
Raul Lopez,1980,Vic,Spain,
Kirk Penney,1980,Auckland,New Zealand,University of Wisconsin
Theron Smith,1980,Bartow,Florida,Ball State University
Luke Walton,1980,San Diego,California,University of Arizona
David West,1980,Teaneck,New Jersey,Xavier University
Rafael Araujo,1980,Curitiba,Brazil,Brigham Young University
Matt Bonner,1980,Concord,New Hampshire,University of Florida
Antonio Burks,1980,Memphis,Tennessee,University of Memphis
Lionel Chalmers,1980,Albany,New York,Xavier University
Nick Collison,1980,Orange City,Iowa,University of Kansas
Mario Kasun,1980,Split,Croatia,
Bernard Robinson,1980,Washington,District of Columbia,University of Michigan
Yuta Tabuse,1980,Yokohama,Japan,Brigham Young University Hawaii
Arvydas Macijauskas,1980,Klaipeda,Lithuania,
Andre Owens,1980,Indianapolis,Indiana,University of Houston
Jamario Moon,1980,Goodwater,Alabama,Meridian Community College
Juan Carlos,1980,,,
Luis Scola,1980,Buenos Aires,Argentina,
Jonathan Bender,1981,Picayune,Mississippi,
Darius Miles,1981,Belleville,Illinois,
Olumide Oyedeji,1981,Ibadan,Nigeria,
DeShawn Stevenson,1981,Fresno,California,
Kedrick Brown,1981,Zachary,Louisiana,Okaloosa-Walton Community College
Samuel Dalembert,1981,Port-Au-Prince,Haiti,Seton Hall University
Joseph Forte,1981,Atlanta,Georgia,University of North Carolina
Antonis Fotsis,1981,Athens,Greece,
Steven Hunter,1981,Chicago,Illinois,DePaul University
Andrei Kirilenko,1981,Izhevsk,Russia,
Zach Randolph,1981,Marion,Indiana,Michigan State University
Jason Richardson,1981,Saginaw,Michigan,Michigan State University
Kenny Satterfield,1981,New York,New York,University of Cincinnati
Carlos Boozer,1981,Aschaffenburg,Germany,Duke University
J.R. Bremer,1981,,,
Drew Gooden,1981,Oakland,California,University of Kansas
Casey Jacobsen,1981,Glendora,California,Stanford University
Jared Jeffries,1981,Bloomington,Indiana,Indiana University
Tito Maddox,1981,Compton,California,"California State University, Fresno"
Smush Parker,1981,New York,New York,Fordham University
Qyntel Woods,1981,Memphis,Tennessee,Northeast Mississippi Community College
Vincent Yarbrough,1981,Cleveland,Tennessee,University of Tennessee
Marcus Banks,1981,Las Vegas,Nevada,"University of Nevada, Las Vegas"
Zarko Cabarkapa,1981,Zrenjanin,Serbia,
Marquis Daniels,1981,Jasper,Florida,Auburn University
Ronald Dupree,1981,Biloxi,Mississippi,Louisiana State University
Hiram Fuller,1981,East St. Louis,Missouri,"California State University, Fresno"
Reece Gaines,1981,Madison,Wisconsin,University of Louisville
Willie Green,1981,Detroit,Michigan,University of Detroit Mercy
Jarvis Hayes,1981,Atlanta,Georgia,University of Georgia
Kirk Hinrich,1981,Sioux City,Iowa,University of Kansas
Jason Kapono,1981,Long Beach,California,"University of California, Los Angeles"
Kyle Korver,1981,Lakewood,California,Creighton University
Desmond Penigar,1981,Upland,California,Utah State University
Luke Ridnour,1981,Coeur d'Alene,Idaho,University of Oregon
John Edwards,1981,Warren,Ohio,Kent State University
Luis Flores,1981,San Pedro de Macoris,Dominican Republic,Manhattan College
Matt Freije,1981,Overland Park,Kansas,Vanderbilt University
Royal Ivey,1981,Harlem,New York,University of Texas at Austin
Quinton Ross,1981,Dallas,Texas,Southern Methodist University
Pape Sow,1981,Dakar,Senegal,"California State University, Fullerton"
Jackson Vroman,1981,Laguna,California,Iowa State University
Earl Barron,1981,Clarksdale,Mississippi,University of Memphis
Jose Calderon,1981,Villanueva de la Serena,Spain,
Noel Felix,1981,Los Angeles,California,"California State University, Fresno"
Francisco Garcia,1981,Santo Domingo,Dominican Republic,University of Louisville
Melvin Sanders,1981,Liberal,Kansas,Oklahoma State University
James Singleton,1981,Chicago,Illinois,Murray State University
Derrick Zimmerman,1981,Monroe,Louisiana,Mississippi State University
Andre Brown,1981,Chicago,Illinois,DePaul University
Desmon Farmer,1981,Flint,Michigan,University of Southern California
Andreas Glyniadakis,1981,Hania,Greece,
Lance Allred,1981,Salt Lake City,Utah,Weber State University
Kasib Powell,1981,Teaneck,New Jersey,Texas Tech University
Anthony Brown,1981,Chicago,Illinois,DePaul University
Gilbert Arenas,1982,Los Angeles,California,University of Arizona
Kwame Brown,1982,Charleston,South Carolina,
Tyson Chandler,1982,Hanford,California,
Eddy Curry,1982,Harvey,Illinois,
DeSagana Diop,1982,Dakar,Senegal,
Eddie Griffin,1982,Philadelphia,Pennsylvania,Seton Hall University
Tony Parker,1982,Bruges,Belgium,
Gerald Wallace,1982,Sylacauga,Alabama,University of Alabama
Nene Hilario,1982,Sao Carlos,Brazil,
Amar'e Stoudemire,1982,Lake Wales,Florida,
Chris Wilcox,1982,Raleigh,North Carolina,University of Maryland
Leandro Barbosa,1982,San Paulo,Brazil,
Omar Cook,1982,Brooklyn,New York,St. John's University
Boris Diaw,1982,Cormeille-en-Parisis,France,
Chris Kaman,1982,Wyoming,Michigan,Central Michigan University
Mickael Pietrus,1982,Les Abymes,Guadeloupe,
Zoran Planinic,1982,Mostar,Bosnia and Herzegovina,
Mike Sweetney,1982,Oxon Hill,Maryland,Georgetown University
Dwyane Wade,1982,Chicago,Illinois,Marquette University
Tony Allen,1982,Chicago,Illinois,Oklahoma State University
Andre Barrett,1982,Bronx,New York,Seton Hall University
Erik Daniels,1982,Cincinnati,Ohio,University of Kentucky
Carlos Delfino,1982,Santa Fe,Argentina,
Chris Duhon,1982,Mamou,Louisiana,Duke University
Andre Emmett,1982,Dallas,Texas,Texas Tech University
David Harrison,1982,Nashville,Tennessee,University of Colorado
Viktor Khryapa,1982,Kiev,Ukraine,
Jameer Nelson,1982,Chester,Pennsylvania,Saint Joseph's University
Emeka Okafor,1982,Houston,Texas,University of Connecticut
Justin Reed,1982,Jackson,Mississippi,University of Mississippi
Jared Reiner,1982,Tripp,South Dakota,University of Iowa
Beno Udrih,1982,Celje,Slovenia,
Anderson Varejao,1982,Santa Teresa,Brazil,
Alan Anderson,1982,Minneapolis,Minnesota,Michigan State University
Travis Diener,1982,Fond du Lac,Wisconsin,Marquette University
Gerald Fitch,1982,Columbus,Georgia,University of Kentucky
Deng Gai,1982,Wow,South Sudan,Fairfield University
Ryan Gomes,1982,Waterbury,Connecticut,Providence College
Joey Graham,1982,Wilmington,Delaware,Oklahoma State University
Stephen Graham,1982,Wilmington,Delaware,Oklahoma State University
Devin Green,1982,Columbus,Ohio,Hampton University
Orien Greene,1982,Gainesville,Florida,University of Louisiana at Lafayette
Luther Head,1982,Chicago,Illinois,University of Illinois at Urbana-Champaign
Rawle Marshall,1982,Georgetown,Guyana,Oakland University
Lawrence Roberts,1982,Houston,Texas,Mississippi State University
Luke Schenscher,1982,Hope Forest,Australia,Georgia Institute of Technology
Salim Stoudamire,1982,Portland,Oregon,University of Arizona
Donell Taylor,1982,Washington,District of Columbia,University of Alabama at Birmingham
Matt Walsh,1982,Holland,Pennsylvania,University of Florida
Hakim Warrick,1982,Philadelphia,Pennsylvania,Syracuse University
Robert Whaley,1982,Benton Harbor,Michigan,Walsh University
Marvin Williams,1982,Jackson,Mississippi,University of Alabama
Lou Amundson,1982,Ventura,California,"University of Nevada, Las Vegas"
Will Conroy,1982,Portland,Oregon,University of Washington
Yakhouba Diawara,1982,Paris,France,Pepperdine University
Renaldo Major,1982,Chicago,Illinois,"California State University, Fresno"
Ivan McFarlin,1982,Missouri City,Texas,Oklahoma State University
Vassilis Spanoulis,1982,Larissa,Greece,
Marcus Williams,1982,Jackson,Mississippi,University of Alabama
Joel Anthony,1982,Montreal,Canada,"University of Nevada, Las Vegas"
Stephane Lasme,1982,Port-Gentil,Gabon,University of Massachusetts Amherst
Pero Antic,1982,Skopje,FYR Macedonia,
Jamal Sampson,1983,Inglewood,California,University of California
Nikoloz Tskitishvili,1983,Tbilisi,Georgia,
Slavko Vranes,1983,Belgrade,Serbia,
Josh Childress,1983,Harbor City,California,Stanford University
Ben Gordon,1983,London,United Kingdom,University of Connecticut
Devin Harris,1983,Milwaukee,Wisconsin,University of Wisconsin
Nenad Krstic,1983,Kraljevo,Serbia,
Kirk Snyder,1983,Los Angeles,California,"University of Nevada, Reno"
Delonte West,1983,Washington,District of Columbia,Saint Joseph's University
Alex Acker,1983,Compton,California,Pepperdine University
Eddie Basden,1983,New York,New York,University of North Carolina at Charlotte
Esteban Batista,1983,Montevideo,Uruguay,
Will Bynum,1983,Chicago,Illinois,Georgia Institute of Technology
Ike Diogu,1983,Buffalo,New York,Arizona State University
Daniel Ewing,1983,Milton,Florida,Duke University
Channing Frye,1983,White Plains,New York,University of Arizona
Danny Granger,1983,New Orleans,Louisiana,University of New Mexico
Chuck Hayes,1983,San Leandro,California,University of Kentucky
Julius Hodge,1983,New York,New York,North Carolina State University
Jarrett Jack,1983,Fort Washington,Maryland,Georgia Institute of Technology
Jason Maxiell,1983,Chicago,Illinois,University of Cincinnati
Aaron Miles,1983,Portland,Oregon,University of Kansas
C.J. Miles,1983,,,
Sergei Monia,1983,Saratov,Russia,
Josh Powell,1983,Charleston,South Carolina,North Carolina State University
Ronnie Price,1983,Friendswood,Texas,Utah Valley State College
Shavlik Randolph,1983,Raleigh,North Carolina,Duke University
Wayne Simien,1983,Leavenworth,Kansas,University of Kansas
Dijon Thompson,1983,Los Angeles,California,"University of California, Los Angeles"
Ronny Turiaf,1983,Le Robert,Martinique,Gonzaga University
Kelenna Azubuike,1983,London,United Kingdom,University of Kentucky
Will Blalock,1983,Boston,Massachusetts,Iowa State University
Cedric Bozeman,1983,Los Angeles,California,"University of California, Los Angeles"
Randy Foye,1983,Newark,New Jersey,Villanova University
Mickael Gelabale,1983,Pointe Noire,Guadeloupe,
Alexander Johnson,1983,Albany,Georgia,Florida State University
James Lang,1983,Mobile,Alabama,
Pops Mensah-Bonsu,1983,London,United Kingdom,George Washington University
Steve Novak,1983,Libertyville,Illinois,Marquette University
Kevinn Pinkney,1983,Colton,California,"University of Nevada, Reno"
Roger Powell,1983,Joliet,Illinois,University of Illinois at Urbana-Champaign
Chris Quinn,1983,New Orleans,Louisiana,University of Notre Dame
Uros Slokar,1983,Ljubljana,Slovenia,
Craig Smith,1983,Inglewood,California,Boston College
Mike Harris,1983,Hillsboro,Texas,Rice University
Coby Karl,1983,Great Falls,Montana,Boise State University
Carl Landry,1983,Milwaukee,Wisconsin,Purdue University
Keith Langford,1983,Fort Worth,Texas,University of Kansas
Courtney Sims,1983,Roslindale,Massachusetts,University of Michigan
Al Thornton,1983,Perry,Georgia,Florida State University
Joey Dorsey,1983,Baltimore,Maryland,University of Memphis
Dontell Jefferson,1983,Lithonia,Georgia,University of Arkansas
Eugene Jeter,1983,Los Angeles,California,University of Portland
Larry Owens,1983,Mesa,Arizona,Oral Roberts University
Carldell Johnson,1983,New Orleans,Louisiana,University of Alabama at Birmingham
JaKarr Sampson,1983,Inglewood,California,University of California
Marcelo Huertas,1983,Sao Paulo,Brazil,
Carmelo Anthony,1984,New York,New York,Syracuse University
Chris Bosh,1984,Dallas,Texas,Georgia Institute of Technology
Ndudi Ebi,1984,London,United Kingdom,
LeBron James,1984,Akron,Ohio,
Travis Outlaw,1984,Starkville,Mississippi,
Zaza Pachulia,1984,Tbilisi,Georgia,
Sasha Pavlovic,1984,,,
Kendrick Perkins,1984,Nederland,Texas,
Andre Iguodala,1984,Springfield,Illinois,University of Arizona
Didier Ilunga-Mbenga,1984,,,
Sasha Vujacic,1984,Maribor,Slovenia,
Andrew Bogut,1984,Melbourne,Australia,University of Utah
Raymond Felton,1984,Marion,South Carolina,University of North Carolina
Sean May,1984,Chicago,Illinois,University of North Carolina
Rashad McCants,1984,Asheville,North Carolina,University of North Carolina
Nate Robinson,1984,Seattle,Washington,University of Washington
Charlie Villanueva,1984,Queens,New York,University of Connecticut
Deron Williams,1984,Parkersburg,West Virginia,University of Illinois at Urbana-Champaign
Antoine Wright,1984,West Covina,California,Texas A&M University
Hassan Adams,1984,Inglewood,California,University of Arizona
Maurice Ager,1984,Detroit,Michigan,Michigan State University
Hilton Armstrong,1984,Peekskill,New York,University of Connecticut
James Augustine,1984,Midlothian,Illinois,University of Illinois at Urbana-Champaign
Renaldo Balkman,1984,Staten Island,New York,University of South Carolina
J.J. Barea,1984,,,
Josh Boone,1984,Mount Airy,Maryland,University of Connecticut
Rodney Carney,1984,Memphis,Tennessee,University of Memphis
Mardy Collins,1984,Philadelphia,Pennsylvania,Temple University
Paul Davis,1984,Detroit,Michigan,Michigan State University
Quincy Douby,1984,Brooklyn,New York,Rutgers University
Mike Hall,1984,Chicago,Illinois,George Washington University
Robert Hite,1984,Cincinnati,Ohio,University of Miami
Ryan Hollins,1984,Pasadena,California,"University of California, Los Angeles"
Mile Ilic,1984,Tuzla,Bosnia and Herzegovina,
Solomon Jones,1984,Eustis,Florida,University of South Florida
Tarence Kinsey,1984,Tampa,Florida,University of South Carolina
Chris McCray,1984,Capitol Heights,Maryland,University of Maryland
Adam Morrison,1984,Glendive,Montana,Gonzaga University
David Noel,1984,Durham,North Carolina,University of North Carolina
Leon Powe,1984,Berkeley,California,University of California
Allan Ray,1984,Bronx,New York,Villanova University
J.J. Redick,1984,,,
Jeremy Richardson,1984,Allentown,Pennsylvania,Delta State University
Brandon Roy,1984,Seattle,Washington,University of Washington
Thabo Sefolosha,1984,Vevey,Switzerland,
Mouhamed Sene,1984,,,
Justin Williams,1984,Chicago,Illinois,University of Wyoming
Blake Ahearn,1984,St. Louis,Missouri,Missouri State University
Jermareo Davidson,1984,Atlanta,Georgia,University of Alabama
Marcin Gortat,1984,Lodz,Poland,
Aaron Gray,1984,Tarzana,California,University of Pittsburgh
Demetris Nichols,1984,Boston,Massachusetts,Syracuse University
Chris Richard,1984,Lakeland,Florida,University of Florida
Cheikh Samb,1984,Senegal,,
Darryl Watkins,1984,Paterson,New Jersey,Syracuse University
C.J. Watson,1984,,,
Trey Johnson,1984,Jackson,Mississippi,Jackson State University
Cartier Martin,1984,Crockett,Texas,Kansas State University
O.J. Mayo,1984,,,
Luc Mbah,1984,,,
Roko Ukic,1984,Split,Croatia,
Henry Walker,1984,,,
Lester Hudson,1984,Memphis,Tennessee,University of Tennessee at Martin
Chris Hunter,1984,Gary,Indiana,University of Michigan
Oliver Lafayette,1984,Baton Rouge,Louisiana,University of Houston
Zabian Dowdell,1984,Pahokee,Florida,Virginia Polytechnic Institute and State University
Gary Neal,1984,Baltimore,Maryland,Towson University
Mustafa Shakur,1984,Philadelphia,Pennsylvania,University of Arizona
Derrick Byars,1984,Memphis,Tennessee,Vanderbilt University
Eric Dawson,1984,San Antonio,Texas,Midwestern State University
Ivan Johnson,1984,San Antonio,Texas,University of Oregon
Derrick Williams,1984,Parkersburg,West Virginia,University of Illinois at Urbana-Champaign
Chris Copeland,1984,Orange,New Jersey,University of Colorado
Maciej Lampe,1985,Lodz,Poland,
Darko Milicic,1985,Novi Sad,Serbia,
Trevor Ariza,1985,Miami,Florida,"University of California, Los Angeles"
Jackie Butler,1985,McComb,Mississippi,
Luol Deng,1985,Wow,South Sudan,Duke University
Dwight Howard,1985,Atlanta,Georgia,
Kris Humphries,1985,Minneapolis,Minnesota,University of Minnesota
Al Jefferson,1985,Monticello,Mississippi,
Shaun Livingston,1985,Peoria,Illinois,
Pavel Podkolzin,1985,Novosibirsk,Russia,
Peter John,1985,,,
Ha Seung-Jin,1985,Seoul,Republic of Korea,
Robert Swift,1985,Bakersfield,California,
Sebastian Telfair,1985,Brooklyn,New York,
Dorell Wright,1985,Los Angeles,California,
Brandon Bass,1985,Baton Rouge,Louisiana,Louisiana State University
Monta Ellis,1985,Jackson,Mississippi,
Linas Kleiza,1985,Kaunas,Lithuania,University of Missouri
Chris Paul,1985,Winston-Salem,North Carolina,Wake Forest University
Chris Taft,1985,Brooklyn,New York,University of Pittsburgh
Von Wafer,1985,Homer,Louisiana,Florida State University
LaMarcus Aldridge,1985,Dallas,Texas,University of Texas at Austin
Andrea Bargnani,1985,Rome,Italy,
Shannon Brown,1985,Maywood,Illinois,Michigan State University
Damir Markota,1985,Sarajevo,Bosnia and Herzegovina,
Paul Millsap,1985,Monroe,Louisiana,Louisiana Tech University
Arron Afflalo,1985,Los Angeles,California,"University of California, Los Angeles"
Morris Almond,1985,Dalton,Georgia,Rice University
Aaron Brooks,1985,Seattle,Washington,University of Oregon
Guillermo Diaz,1985,San Juan,Puerto Rico,University of Miami
Jared Dudley,1985,San Diego,California,Boston College
Nick Fazekas,1985,Denver,Colorado,"University of Nevada, Reno"
Thomas Gardner,1985,Portland,Oregon,University of Missouri
Acie Law,1985,Dallas,Texas,Texas A&M University
Dominic McGuire,1985,San Diego,California,"California State University, Fresno"
Joakim Noah,1985,New York,New York,University of Florida
Oleksiy Pecherov,1985,Donetsk,Ukraine,
Kosta Perovic,1985,Osijek,Croatia,
Darius Washington,1985,Winter Park,Florida,University of Memphis
Nick Young,1985,Los Angeles,California,University of Southern California
Rudy Fernandez,1985,Palma de Mallorca,Spain,
Marc Gasol,1985,Barcelona,Spain,
J.R. Giddens,1985,,,
Hamed Haddadi,1985,Ahvaz,Islamic Republic of Iran,
Steven Hill,1985,Chanute,Kansas,University of Arkansas
Darnell Jackson,1985,Oklahoma City,Oklahoma,University of Kansas
Rob Kurz,1985,Philadelphia,Pennsylvania,University of Notre Dame
Courtney Lee,1985,Indianapolis,Indiana,Western Kentucky University
Anthony Morrow,1985,Charlotte,North Carolina,Georgia Institute of Technology
DeMarcus Nelson,1985,Oakland,California,Duke University
Brandon Rush,1985,Kansas City,Missouri,University of Kansas
Sean Singletary,1985,Philadelphia,Pennsylvania,University of Virginia
Anthony Tolliver,1985,Springfield,Missouri,Creighton University
Sun Yue,1985,Hebei,China,
Taj Gibson,1985,Brooklyn,New York,University of Southern California
Trey Gilder,1985,Dallas,Texas,Northwestern State University
Tyler Hansbrough,1985,Poplar Bluff,Missouri,University of North Carolina
Othyus Jeffers,1985,Chicago,Illinois,Robert Morris University (IL)
Marcus Landry,1985,Milwaukee,Wisconsin,University of Wisconsin
Patty Mills,1985,Monroe,Louisiana,Louisiana Tech University
Sam Young,1985,Washington,District of Columbia,University of Pittsburgh
Gary Forbes,1985,Colon,Panama,University of Massachusetts Amherst
Tiago Splitter,1985,Joinville,Brazil,
Gustavo Ayon,1985,Tepic,Mexico,
Justin Dentmon,1985,Carbondale,Illinois,University of Washington
Greg Stiemsma,1985,Randolph,Wisconsin,University of Wisconsin
Bernard James,1985,Savannah,Georgia,Florida State University
Brian Roberts,1985,Toledo,Ohio,University of Dayton
Mirza Teletovic,1985,Mostar,Bosnia and Herzegovina,
Sasha Kaun,1985,Tomsk,Russia,University of Kansas
Andris Biedrins,1986,Riga,Latvia,
Martynas Andriuskevicius,1986,Kaunas,Lithuania,
Andray Blatche,1986,Syracuse,New York,
Gerald Green,1986,Houston,Texas,
Johan Petro,1986,Paris,France,
Jordan Farmar,1986,Los Angeles,California,"University of California, Los Angeles"
Rudy Gay,1986,Brooklyn,New York,University of Connecticut
Daniel Gibson,1986,Houston,Texas,University of Texas at Austin
Kyle Lowry,1986,Philadelphia,Pennsylvania,Villanova University
Randolph Morris,1986,Houston,Texas,University of Kentucky
Patrick O'Bryant,1986,Oskaloosa,Iowa,Bradley University
Sergio Rodriguez,1986,Tenerife,Spain,
Rajon Rondo,1986,Louisville,Kentucky,University of Kentucky
Cedric Simmons,1986,Shallotte,North Carolina,North Carolina State University
Tyrus Thomas,1986,Baton Rouge,Louisiana,Louisiana State University
P.J. Tucker,1986,,,
Marcus Vinicius,1986,,,
Marco Belinelli,1986,Bologna,Italy,
Corey Brewer,1986,Portland,Tennessee,University of Florida
Glen Davis,1986,Baton Rouge,Louisiana,Louisiana State University
Kyrylo Fesenko,1986,Dnepropetrovsk,Ukraine,
Taurean Green,1986,Fort Lauderdale,Florida,University of Florida
Al Horford,1986,Puerto Plata,Dominican Republic,University of Florida
Ian Mahinmi,1986,Rouen,France,
Gabe Pruitt,1986,Los Angeles,California,University of Southern California
Ramon Sessions,1986,Myrtle Beach,South Carolina,"University of Nevada, Reno"
Rodney Stuckey,1986,Seattle,Washington,Eastern Washington University
Sean Williams,1986,Houston,Texas,Boston College
Joe Alexander,1986,Kaohsiung,Taiwan,West Virginia University
Mario Chalmers,1986,Anchorage,Alaska,University of Kansas
Joe Crawford,1986,Detroit,Michigan,University of Kentucky
Goran Dragic,1986,Ljubljana,Slovenia,
Roy Hibbert,1986,Queens,New York,Georgetown University
J.J. Hickson,1986,,,
George Hill,1986,Indianapolis,Indiana,Indiana University-Purdue University Indianapolis
Othello Hunter,1986,Winston-Salem,North Carolina,Ohio State University
Nathan Jawai,1986,Sydney,Australia,Midland College
Walter Sharpe,1986,Huntsville,Alabama,University of Alabama at Birmingham
Mike Taylor,1986,Chicago,Illinois,Iowa State University
Kyle Weaver,1986,Janesville,Wisconsin,Washington State University
Sonny Weems,1986,West Memphis,Arkansas,University of Arkansas
DeMarre Carroll,1986,Birmingham,Alabama,University of Missouri
JamesOn Curry,1986,Pleasant Grove,North Carolina,Oklahoma State University
Toney Douglas,1986,Jonesboro,Georgia,Florida State University
Sundiata Gaines,1986,Jamaica,New York,University of Georgia
Taylor Griffin,1986,Oklahoma City,Oklahoma,University of Oklahoma
Cedric Jackson,1986,Alamogordo,New Mexico,Cleveland State University
Garrett Temple,1986,Baton Rouge,Louisiana,Louisiana State University
Jeff Adrien,1986,Brookline,Massachusetts,University of Connecticut
Omer Asik,1986,Bursa,Turkey,
Marcus Cousin,1986,Baltimore,Maryland,University of Houston
Jordan Crawford,1986,Detroit,Michigan,University of Kentucky
Semih Erden,1986,Istanbul,Turkey,
Lazar Hayward,1986,Buffalo,New York,Marquette University
Timofey Mozgov,1986,St. Petersburg,Russia,
Nikola Pekovic,1986,Bijelo Polje,Montenegro,
Andy Rautins,1986,Syracuse,New York,Syracuse University
Garret Siler,1986,Augusta,Georgia,Augusta State University
Mickell Gladness,1986,Birmingham,Alabama,Alabama A&M University
Jerome Jordan,1986,Kingston,Jamaica,University of Tulsa
Vernon Macklin,1986,Portsmouth,Virginia,University of Florida
E'Twaun Moore,1986,,,
Jeremy Pargo,1986,Chicago,Illinois,Gonzaga University
Ryan Reid,1986,Lauderdale Lakes,Florida,Florida State University
Edwin Ubiles,1986,Brooklyn,New York,Siena College
Josh Akognon,1986,Greenbrae,California,"California State University, Fullerton"
Aron Baynes,1986,Gisborne,New Zealand,Washington State University
Dionte Christmas,1986,Philadelphia,Pennsylvania,Temple University
Damjan Rudez,1986,Zagreb,Croatia,
Salah Mejri,1986,Jendouba,Tunisia,
Andrew Bynum,1987,Plainsboro,New Jersey,
Amir Johnson,1987,Los Angeles,California,
Yaroslav Korolev,1987,Moscow,Russia,
Ersan Ilyasova,1987,Eskisehir,Turkey,
Wilson Chandler,1987,Benton Harbor,Michigan,DePaul University
Mike Conley,1987,Fayetteville,Arkansas,Ohio State University
Javaris Crittenton,1987,Atlanta,Georgia,Georgia Institute of Technology
Yi Jianlian,1987,He Shan,China,
Josh McRoberts,1987,Indianapolis,Indiana,Duke University
Julian Wright,1987,Chicago,Illinois,University of Kansas
Chris Douglas-Roberts,1987,Detroit,Michigan,University of Memphis
Malik Hairston,1987,Detroit,Michigan,University of Oregon
Marreese Speights,1987,St. Petersburg,Florida,University of Florida
Jon Brockman,1987,Snohomish,Washington,University of Washington
Darren Collison,1987,Rancho Cucamonga,California,"University of California, Los Angeles"
Dante Cunningham,1987,Clinton,Maryland,Villanova University
Wayne Ellington,1987,Wynnewood,Pennsylvania,University of North Carolina
Alonzo Gee,1987,Riviera Beach,Florida,University of Alabama
Jordan Hill,1987,Atlanta,Georgia,University of Arizona
Jonas Jerebko,1987,Kinna,Sweden,
James Johnson,1987,Cheyenne,Wyoming,Wake Forest University
Ty Lawson,1987,Clinton,Maryland,University of North Carolina
Eric Maynor,1987,Raeford,North Carolina,Virginia Commonwealth University
Jodie Meeks,1987,Norcross,Georgia,University of Kentucky
Hasheem Thabeet,1987,Dar es Salaam,United Republic of Tanzania,University of Connecticut
Marcus Thornton,1987,Baton Rouge,Louisiana,Louisiana State University
Terrence Williams,1987,Seattle,Washington,University of Louisville
Trevor Booker,1987,Newberry,South Carolina,Clemson University
Craig Brackins,1987,Los Angeles,California,Iowa State University
Sherron Collins,1987,Chicago,Illinois,University of Kansas
Jeremy Evans,1987,Crossett,Arkansas,Western Kentucky University
Damion James,1987,Hobbs,New Mexico,University of Texas at Austin
Wesley Johnson,1987,Corsicana,Texas,Syracuse University
Hamady N'Diaye,1987,Dakar,Senegal,Rutgers University
Ekpe Udoh,1987,Edmond,Oklahoma,Baylor University
Greivis Vasquez,1987,Caracas,Venezuela,University of Maryland
Jerome Dyson,1987,Rockville,Maryland,University of Connecticut
Jeff Foote,1987,Lockwood,New York,Cornell University
Terrel Harris,1987,Dallas,Texas,Oklahoma State University
Darington Hobson,1987,Las Vegas,Nevada,University of New Mexico
JaJuan Johnson,1987,Cheyenne,Wyoming,Wake Forest University
Jerry Smith,1987,Wauwatosa,Wisconsin,University of Louisville
Joel Freeland,1987,Farnham,United Kingdom,
Ben Hansbrough,1987,Poplar Bluff,Missouri,University of Notre Dame
Viacheslav Kravtsov,1987,Odessa,Ukraine,
Luke Zeller,1987,Ames,Iowa,University of Notre Dame
Luigi Datome,1987,Montebelluna,Italy,
Shane Edwards,1987,Los Angeles,California,University of Arkansas at Little Rock
Arinze Onuaku,1987,Lanham,Maryland,Syracuse University
Joe Ingles,1987,Happy Valley,Australia,
Jerel McNeal,1987,Chicago,Illinois,Marquette University
Elijah Millsap,1987,Grambling,Louisiana,University of Alabama at Birmingham
Alex Stepheson,1987,Los Angeles,California,University of Southern California
Jonathan Gibson,1987,West Covina,California,New Mexico State University
Kevin Durant,1988,Washington,District of Columbia,University of Texas at Austin
Spencer Hawes,1988,Seattle,Washington,University of Washington
Thaddeus Young,1988,New Orleans,Louisiana,Georgia Institute of Technology
Alexis Ajinca,1988,Saint-Etienne,France,
Ryan Anderson,1988,Sacramento,California,University of California
Darrell Arthur,1988,Dallas,Texas,University of Kansas
D.J. Augustin,1988,,,
Nicolas Batum,1988,Lisieux,France,
Jerryd Bayless,1988,Phoenix,Arizona,University of Arizona
Danilo Gallinari,1988,Sant'Angelo Lodigiano,Italy,
Eric Gordon,1988,Indianapolis,Indiana,Indiana University
Donte Greene,1988,Munich,Germany,Syracuse University
DeAndre Jordan,1988,Houston,Texas,Texas A&M University
Brook Lopez,1988,North Hollywood,California,Stanford University
Robin Lopez,1988,North Hollywood,California,Stanford University
Kevin Love,1988,Santa Monica,California,"University of California, Los Angeles"
JaVale McGee,1988,Flint,Michigan,"University of Nevada, Reno"
Greg Oden,1988,Buffalo,New York,Ohio State University
Derrick Rose,1988,Chicago,Illinois,University of Memphis
Russell Westbrook,1988,Long Beach,California,"University of California, Los Angeles"
D.J. White,1988,,,
Rodrigue Beaubois,1988,Pointe-a-Pitre,Guadeloupe,
Chase Budinger,1988,Encinitas,California,University of Arizona
Omri Casspi,1988,Holon,Israel,
Earl Clark,1988,Plainfield,New Jersey,University of Louisville
Stephen Curry,1988,Akron,Ohio,Davidson College
Austin Daye,1988,Irvine,California,Gonzaga University
DaJuan Summers,1988,Baltimore,Maryland,Georgetown University
Jeff Teague,1988,Indianapolis,Indiana,Wake Forest University
Solomon Alabi,1988,Kaduna,Nigeria,Florida State University
Cole Aldrich,1988,Burnsville,Minnesota,University of Kansas
Derrick Caracter,1988,Fanwood,New Jersey,University of Texas at El Paso
Landry Fields,1988,Long Beach,California,Stanford University
Luke Harangody,1988,Decatur,Illinois,University of Notre Dame
Gani Lawal,1988,College Park,Georgia,Georgia Institute of Technology
Jeremy Lin,1988,Palo Alto,California,Harvard University
Dexter Pittman,1988,Rosenberg,Texas,University of Texas at Austin
Quincy Pondexter,1988,Fresno,California,University of Washington
Larry Sanders,1988,Fort Pierce,Florida,Virginia Commonwealth University
Ish Smith,1988,Charlotte,North Carolina,Wake Forest University
Pape Sy,1988,Loudeac,France,
Evan Turner,1988,Chicago,Illinois,Ohio State University
Ben Uzoh,1988,Houston,Texas,University of Tulsa
Norris Cole,1988,Dayton,Ohio,Cleveland State University
Courtney Fortson,1988,San Antonio,Texas,University of Arkansas
Andrew Goudelock,1988,Gainesville,Georgia,College of Charleston
Dennis Horner,1988,Linwood,New Jersey,North Carolina State University
DeAndre Liggins,1988,Chicago,Illinois,University of Kentucky
Chandler Parsons,1988,Casselberry,Florida,University of Florida
Xavier Silas,1988,San Antonio,Texas,Northern Illinois University
Donald Sloan,1988,Shreveport,Louisiana,Texas A&M University
Nolan Smith,1988,Louisville,Kentucky,Duke University
Julyan Stone,1988,Alexandria,Virginia,University of Texas at El Paso
Lance Thomas,1988,Brooklyn,New York,Duke University
Malcolm Thomas,1988,Columbia,Missouri,San Diego State University
Chris Wright,1988,Trotwood,Ohio,University of Dayton
Patrick Beverley,1988,Chicago,Illinois,University of Arkansas
Victor Claver,1988,Valencia,Spain,
Kim English,1988,Baltimore,Maryland,University of Missouri
Kris Joseph,1988,Montreal,Canada,Syracuse University
Tim Ohlbrecht,1988,Wuppertal,Germany,
Miles Plumlee,1988,Fort Wayne,Indiana,Duke University
Mike Scott,1988,Chesapeake,Virginia,University of Virginia
Alexey Shved,1988,Belgorod,Russia,
Kyle Singler,1988,Medford,Oregon,Duke University
Jarvis Varnado,1988,Fairfax,Virginia,Mississippi State University
Vitor Faverani,1988,Porto Alegre,Brazil,
Jorge Gutierrez,1988,Chihuahua,Mexico,University of California
Gal Mekel,1988,Petah Tikva,Israel,Wichita State University
Miroslav Raduljica,1988,Belgrade,Serbia,
Patrick Christopher,1988,Compton,California,University of California
Nemanja Bjelica,1988,Belgrade,Serbia,
Boban Marjanovic,1988,Zajecar,Serbia,
Michael Beasley,1989,Frederick,Maryland,Kansas State University
Kosta Koufos,1989,Canton,Ohio,Ohio State University
Anthony Randolph,1989,Worzbach,Germany,Louisiana State University
DeJuan Blair,1989,Pittsburgh,Pennsylvania,University of Pittsburgh
DeMar DeRozan,1989,Compton,California,University of Southern California
Tyreke Evans,1989,Chester,Pennsylvania,University of Memphis
Jonny Flynn,1989,Niagara Falls,New York,Syracuse University
James Harden,1989,Los Angeles,California,Arizona State University
Serge Ibaka,1989,Brazzaville,Republic of the Congo,
Brandon Jennings,1989,Compton,California,
Byron Mullens,1989,Canal Winchester,Ohio,Ohio State University
A.J. Price,1989,,,
James Anderson,1989,El Dorado,Arkansas,Oklahoma State University
Luke Babbitt,1989,Cincinnati,Ohio,"University of Nevada, Reno"
Eric Bledsoe,1989,Birmingham,Alabama,University of Kentucky
Ed Davis,1989,Washington,District of Columbia,University of North Carolina
Devin Ebanks,1989,Queens,New York,West Virginia University
Christian Eyenga,1989,Kinshasa,Democratic Republic of the Congo,
Blake Griffin,1989,Oklahoma City,Oklahoma,University of Oklahoma
Manny Harris,1989,Detroit,Michigan,University of Michigan
Patrick Patterson,1989,Washington,District of Columbia,University of Kentucky
Samardo Samuels,1989,Trelawny,Jamaica,University of Louisville
Kevin Seraphin,1989,Cayenne,French Guiana,
Willie Warren,1989,Dallas,Texas,University of Oklahoma
Hassan Whiteside,1989,Gastonia,North Carolina,Marshall University
Lavoy Allen,1989,Morrisville,Pennsylvania,Temple University
MarShon Brooks,1989,Long Branch,New Jersey,Providence College
Jimmy Butler,1989,Houston,Texas,Marquette University
Kenneth Faried,1989,Newark,New Jersey,Morehead State University
Jimmer Fredette,1989,Glens Falls,New York,Brigham Young University
Justin Harper,1989,Richmond,Virginia,University of Richmond
Josh Harrellson,1989,St. Charles,Missouri,University of Kentucky
Cory Higgins,1989,Danville,California,University of Colorado
Charles Jenkins,1989,Brooklyn,New York,Hofstra University
Jon Leuer,1989,Long Lake,Minnesota,University of Wisconsin
Chris Singleton,1989,Canton,Georgia,Florida State University
Elliot Williams,1989,Memphis,Tennessee,University of Memphis
Kent Bazemore,1989,Kelford,North Carolina,Old Dominion University
Festus Ezeli,1989,Benin City,Nigeria,Vanderbilt University
Justin Holiday,1989,Mission Hills,California,University of Washington
Orlando Johnson,1989,Monterey,California,"University of California, Santa Barbara"
Kevin Jones,1989,Mount Vernon,New York,West Virginia University
Andrew Nicholson,1989,Mississauga,Canada,St. Bonaventure University
Robert Sacre,1989,Baton Rouge,Louisiana,Gonzaga University
Dwight Buycks,1989,Milwaukee,Wisconsin,Marquette University
Nick Calathes,1989,Casselberry,Florida,University of Florida
Dewayne Dedmon,1989,Lancaster,California,University of Southern California
Elias Harris,1989,Speyer,Germany,Gonzaga University
Scotty Hopson,1989,Hopkinsville,Kentucky,University of Tennessee
Robbie Hummel,1989,Valparaiso,Indiana,Purdue University
Toure' Murry,1989,Houston,Texas,Wichita State University
Zoran Dragic,1989,Ljubljana,Slovenia,
Kalin Lucas,1989,Sterling Heights,Michigan,Michigan State University
Tibor Pleiss,1989,Bergisch Gladbach,Germany,
Malcolm Delaney,1989,Baltimore,Maryland,Virginia Polytechnic Institute and State University
Mindaugas Kuzminskas,1989,Vilnius,Lithuania,
Jrue Holiday,1990,Chatsworth,California,"University of California, Los Angeles"
Al-Farouq Aminu,1990,Atlanta,Georgia,Wake Forest University
Avery Bradley,1990,Tacoma,Washington,University of Texas at Austin
DeMarcus Cousins,1990,Mobile,Alabama,University of Kentucky
Paul George,1990,Palmdale,California,"California State University, Fresno"
Gordon Hayward,1990,Indianapolis,Indiana,Butler University
Greg Monroe,1990,New Orleans,Louisiana,Georgetown University
Lance Stephenson,1990,Brooklyn,New York,University of Cincinnati
John Wall,1990,Raleigh,North Carolina,University of Kentucky
Tyler Honeycutt,1990,Los Angeles,California,"University of California, Los Angeles"
Reggie Jackson,1990,Pordenone,Italy,Boston College
Malcolm Lee,1990,Riverside,California,"University of California, Los Angeles"
Travis Leslie,1990,Atlanta,Georgia,University of Georgia
Shelvin Mack,1990,Lexington,Kentucky,Butler University
Daniel Orton,1990,Oklahoma City,Oklahoma,University of Kentucky
Ricky Rubio,1990,Barcelona,Spain,
Iman Shumpert,1990,Oak Park,Illinois,Georgia Institute of Technology
Klay Thompson,1990,Los Angeles,California,Washington State University
Jan Vesely,1990,Ostrava,Czech Republic,
Nikola Vucevic,1990,Morges,Switzerland,University of Southern California
Quincy Acy,1990,Tyler,Texas,Baylor University
Jae Crowder,1990,Villa Rica,Georgia,Marquette University
Draymond Green,1990,Saginaw,Michigan,Michigan State University
John Henson,1990,Greensboro,North Carolina,University of North Carolina
DeQuan Jones,1990,Stone Mountain,Georgia,University of Miami
Damian Lillard,1990,Oakland,California,Weber State University
Scott Machado,1990,Queens,New York,Iona College
Fab Melo,1990,Juiz de Forz,Brazil,Syracuse University
Darius Miller,1990,Maysville,Kentucky,University of Kentucky
Donatas Motiejunas,1990,Kaunas,Lithuania,
Arnett Moultrie,1990,Queens,New York,Mississippi State University
Kevin Murphy,1990,Atlanta,Georgia,Tennessee Technological University
Kyle O'Quinn,1990,Flushing,New York,Norfolk State University
Henry Sims,1990,Baltimore,Maryland,Georgetown University
Tyshawn Taylor,1990,Hoboken,New Jersey,University of Kansas
Tyler Zeller,1990,Visalia,California,University of North Carolina
Chris Babb,1990,Arlington,Texas,Iowa State University
Lorenzo Brown,1990,Roswell,Georgia,North Carolina State University
Robert Covington,1990,Bellwood,Illinois,Tennessee State University
Seth Curry,1990,Charlotte,North Carolina,Duke University
Matthew Dellavedova,1990,Maryborough,Australia,Saint Mary's College of California
Gorgui Dieng,1990,Kebemer,Senegal,University of Louisville
Carrick Felix,1990,Las Vegas,Arizona,Arizona State University
Justin Hamilton,1990,Newport Beach,California,Louisiana State University
Ognjen Kuzmic,1990,Doboj,Bosnia and Herzegovina,
Erik Murphy,1990,Lyon,France,University of Florida
James Nunnally,1990,San Jose,California,"University of California, Santa Barbara"
Mason Plumlee,1990,Fort Wayne,Indiana,Duke University
Peyton Siva,1990,Seattle,Washington,University of Louisville
James Southerland,1990,Queens,New York,Syracuse University
D.J. Stephens,1990,,,
Casper Ware,1990,Cerritos,California,"California State University, Long Beach"
Jeff Withey,1990,San Diego,California,University of Kansas
Cameron Bairstow,1990,Brisbane,Australia,University of New Mexico
James Ennis,1990,Ventura,California,"California State University, Long Beach"
Tim Frazier,1990,Houston,Texas,Pennsylvania State University
Drew Gordon,1990,San Jose,California,University of New Mexico
JaMychal Green,1990,Montgomery,Alabama,University of Alabama
P.J. Hairston,1990,,,
Cory Jefferson,1990,Tacoma,Washington,Baylor University
Sean Kilpatrick,1990,Yonkers,New York,University of Cincinnati
Kostas Papanikolaou,1990,Trikala,Greece,
David Wear,1990,Long Beach,California,"University of California, Los Angeles"
Travis Wear,1990,Long Beach,California,"University of California, Los Angeles"
Derrick Jones,1990,Stone Mountain,Georgia,University of Miami
Nicolas Laprovittola,1990,Buenos Aires,Argentina,
Marshall Plumlee,1990,Fort Wayne,Indiana,Duke University
Derrick Favors,1991,Atlanta,Georgia,Georgia Institute of Technology
Xavier Henry,1991,Gent,Belgium,University of Kansas
Alec Burks,1991,Grandview,Missouri,University of Colorado
Cory Joseph,1991,Toronto,Canada,University of Texas at Austin
Kawhi Leonard,1991,Los Angeles,California,San Diego State University
Darius Morris,1991,Los Angeles,California,University of Michigan
Josh Selby,1991,Baltimore,Maryland,University of Kansas
Trey Thompkins,1991,Toronto,Canada,University of Texas at Austin
Tristan Thompson,1991,Toronto,Canada,University of Texas at Austin
Jeremy Tyler,1991,San Diego,California,
Will Barton,1991,Baltimore,Maryland,University of Memphis
Jared Cunningham,1991,Oakland,California,Oregon State University
John Jenkins,1991,Nashville,Tennessee,Vanderbilt University
Perry Jones,1991,Winnsboro,Louisiana,Baylor University
Doron Lamb,1991,Queens,New York,University of Kentucky
Kendall Marshall,1991,Dumfries,Virginia,University of North Carolina
Khris Middleton,1991,Charleston,South Carolina,Texas A&M University
Thomas Robinson,1991,Washington,District of Columbia,University of Kansas
Terrence Ross,1991,Portland,Oregon,University of Washington
Tornike Shengelia,1991,Tbilisi,Georgia,
Dion Waiters,1991,Philadelphia,Pennsylvania,Syracuse University
Maalik Wayns,1991,Philadelphia,Pennsylvania,Villanova University
Reggie Bullock,1991,Baltimore,Maryland,University of North Carolina
Isaiah Canaan,1991,Biloxi,Mississippi,Murray State University
Michael Carter-Williams,1991,Hamilton,Massachusetts,Syracuse University
Ian Clark,1991,Memphis,Tennessee,Belmont University
Troy Daniels,1991,Roanoke,Virginia,Virginia Commonwealth University
Brandon Davies,1991,Philadelphia,Pennsylvania,Brigham Young University
Jamaal Franklin,1991,Moreno Valley,California,San Diego State University
Solomon Hill,1991,Los Angeles,California,University of Arizona
Ryan Kelly,1991,Carmel,New York,Duke University
Ray McCallum,1991,Madison,Wisconsin,University of Detroit Mercy
C.J. McCollum,1991,,,
Mike Muscala,1991,St. Louis Park,Minnesota,Bucknell University
Nemanja Nedovic,1991,Nova Varos,Serbia,
Kelly Olynyk,1991,Toronto,Canada,Gonzaga University
Phil Pressey,1991,Dallas,Texas,University of Missouri
Tony Snell,1991,Riverside,California,University of New Mexico
Hollis Thompson,1991,Pasadena,California,Georgetown University
Nate Wolters,1991,St. Cloud,Minnesota,South Dakota State University
Furkan Aldemir,1991,Konak,Turkey,
Jerrelle Benimon,1991,Warrenton,Virginia,Towson University
Tarik Black,1991,Memphis,Tennessee,University of Kansas
Will Cherry,1991,Oakland,California,University of Montana
Jack Cooley,1991,Evanston,Illinois,University of Notre Dame
Andre Dawkins,1991,Fairfax,Virginia,Duke University
Cleanthony Early,1991,Middletown,New York,Wichita State University
Langston Galloway,1991,Baton Rouge,Louisiana,Saint Joseph's University
Erick Green,1991,Inglewood,California,Virginia Polytechnic Institute and State University
Joe Harris,1991,Chelan,Washington,University of Virginia
Alex Kirk,1991,Los Alamos,New Mexico,University of New Mexico
Joffrey Lauvergne,1991,Mulhouse,France,
Nikola Mirotic,1991,Podgorica,Montenegro,
Eric Moreland,1991,Houston,Texas,Oregon State University
Shabazz Napier,1991,Roxbury,Massachusetts,University of Connecticut
Adreian Payne,1991,Dayton,Ohio,Michigan State University
Dwight Powell,1991,Toronto,Canada,Stanford University
Russ Smith,1991,New York,New York,University of Louisville
David Stockton,1991,Spokane,Washington,Gonzaga University
Shayne Whittington,1991,Paw Paw,Michigan,Western Michigan University
Rakeem Christmas,1991,Irvington,New Jersey,Syracuse University
Duje Dukan,1991,Split,Croatia,University of Wisconsin
Jarell Eddie,1991,Tampa,Florida,Virginia Polytechnic Institute and State University
Josh Huestis,1991,Webster,Texas,Stanford University
R.J. Hunter,1991,,,
Jordan McRae,1991,Savannah,Georgia,University of Tennessee
Lamar Patterson,1991,Lancaster,Pennsylvania,University of Pittsburgh
Pierre Jackson,1991,Las Vegas,Nevada,Baylor University
Rodney McGruder,1991,Landover,Maryland,Kansas State University
Tomas Satoransky,1991,Prague,Czech Republic,
Bismack Biyombo,1992,Lubumbashi,Democratic Republic of the Congo,
Kyrie Irving,1992,Melbourne,Australia,Duke University
Enes Kanter,1992,Zurich,Switzerland,
D.J. Kennedy,1992,,,
Evan Fournier,1992,Saint-Maurice,France,
Terrence Jones,1992,Portland,Oregon,University of Kentucky
Jeremy Lamb,1992,Henrico Valley,Virginia,University of Connecticut
Meyers Leonard,1992,Woodbridge,Virginia,University of Illinois at Urbana-Champaign
Quincy Miller,1992,Chicago,Illinois,Baylor University
Austin Rivers,1992,Santa Monica,California,Duke University
Jared Sullinger,1992,Columbus,Ohio,Ohio State University
Jonas Valanciunas,1992,Utena,Lithuania,
Vander Blue,1992,Milwaukee,Wisconsin,Marquette University
Trey Burke,1992,Columbus,Ohio,University of Michigan
Allen Crabbe,1992,Los Angeles,California,University of California
Rudy Gobert,1992,Saint-Quentin,France,
Shane Larkin,1992,Cincinnati,Ohio,University of Miami
Ricky Ledo,1992,Providence,Rhode Island,
Shabazz Muhammad,1992,Los Angeles,California,"University of California, Los Angeles"
Victor Oladipo,1992,Silver Spring,Maryland,Indiana University
Cody Zeller,1992,Washington,Indiana,Indiana University
Sim Bhullar,1992,Ontario,Canada,New Mexico State University
Bojan Bogdanovic,1992,Belgrade,Serbia,
Jabari Brown,1992,Oakland,California,University of Missouri
Jordan Clarkson,1992,Tampa,Florida,University of Missouri
Bryce Cotton,1992,Tucson,Arizona,Providence College
Rodney Hood,1992,Meridian,Mississippi,Duke University
Nick Johnson,1992,Tempe,Arizona,University of Arizona
Tyler Johnson,1992,Grand Forks,North Dakota,"California State University, Fresno"
Devyn Marble,1992,Southfield,Michigan,University of Iowa
James Michael,1992,,,
K.J. McDaniels,1992,,,
Doug McDermott,1992,Grand Forks,North Dakota,Creighton University
Mitch McGary,1992,Chesterton,Indiana,University of Michigan
Lucas Nogueira,1992,Sao Goncalo,Brazil,
Thanasis Antetokounmpo,1992,Athens,Greece,
Keith Appling,1992,Detroit,Michigan,Michigan State University
Coty Clarke,1992,Antioch,Tennessee,University of Arkansas
Bryce Dejean-Jones,1992,Los Angeles,California,Iowa State University
Cristiano Felicio,1992,Pouso Alegre,Brazil,
Raul Neto,1992,Belo Horizonte,Brazil,
J.J. O'Brien,1992,,,
Walter Tavares,1992,Maio,Cape Verde,
Axel Toupane,1992,Mulhouse,France,
Briante Weber,1992,Chesapeake,Virginia,Virginia Commonwealth University
Delon Wright,1992,Los Angeles,California,University of Utah
Joe Young,1992,Houston,Texas,University of Oregon
Davis Bertans,1992,Valmiera,Latvia,
Malcolm Brogdon,1992,Atlanta,Georgia,University of Virginia
Jaylen Brown,1992,Oakland,California,University of Missouri
Semaj Christon,1992,Cincinnati,Ohio,Xavier University
Michael Gbinije,1992,Hartford,Connecticut,Syracuse University
Sheldon McClellan,1992,Houston,Texas,University of Miami
Maurice Ndour,1992,Sindia,Senegal,Ohio University
Okaro White,1992,Clearwater,Florida,Florida State University
Kyle Wiltjer,1992,Portland,Oregon,Gonzaga University
Bradley Beal,1993,St. Louis,Missouri,University of Florida
Andre Drummond,1993,Mount Vernon,New York,University of Connecticut
Maurice Harkless,1993,Queens,New York,St. John's University
Michael Kidd-Gilchrist,1993,Philadelphia,Pennsylvania,University of Kentucky
Marquis Teague,1993,Indianapolis,Indiana,University of Kentucky
Tony Wroten,1993,Seattle,Washington,University of Washington
Steven Adams,1993,Rotorua,New Zealand,University of Pittsburgh
Anthony Bennett,1993,Toronto,Canada,"University of Nevada, Las Vegas"
Kentavious Caldwell-Pope,1993,Thomaston,Georgia,University of Georgia
Sergey Karasev,1993,St. Petersburg,Russia,
Alex Len,1993,Antratsit,Ukraine,University of Maryland
Ben McLemore,1993,St. Louis,Missouri,University of Kansas
Otto Porter,1993,St. Louis,Missouri,Georgetown University
Dennis Schroder,1993,Braunschweig,Germany,
Adonis Thomas,1993,Memphis,Tennessee,University of Memphis
Kyle Anderson,1993,New York,New York,"University of California, Los Angeles"
Spencer Dinwiddie,1993,Los Angeles,California,University of Colorado
Grant Jerrett,1993,Costa Mesa,California,University of Arizona
Johnny O'Bryant,1993,Cleveland,Mississippi,Louisiana State University
Nik Stauskas,1993,Mississauga,Canada,University of Michigan
Justin Anderson,1993,Montross,Virginia,University of Virginia
Willie Cauley-Stein,1993,Spearville,Kansas,University of Kentucky
Pat Connaughton,1993,Arlington,Massachusetts,University of Notre Dame
Branden Dawson,1993,Gary,Indiana,Michigan State University
Darrun Hilliard,1993,Bethlehem,Pennsylvania,Villanova University
Richaun Holmes,1993,Lockport,Illinois,Bowling Green State University
Frank Kaminsky,1993,Winfield,Illinois,University of Wisconsin
Luis Montero,1993,Santo Domingo,Dominican Republic,Westchester CC
Norman Powell,1993,San Diego,California,"University of California, Los Angeles"
Josh Richardson,1993,Edmond,Oklahoma,University of Tennessee
Alex Abrines,1993,Palma de Mallorca,Spain,
Ron Baker,1993,Hays,Kansas,Wichita State University
Nicolas Brussino,1993,Santa Fe,Argentina,
Quinn Cook,1993,Washington,District of Columbia,Duke University
Yogi Ferrell,1993,Indianapolis,Indiana,Indiana University
Dorian Finney-Smith,1993,Portsmouth,Virginia,University of Florida
Bryn Forbes,1993,Lansing,Michigan,Michigan State University
Patricio Garino,1993,Buenos Aires,Argentina,George Washington University
Treveon Graham,1993,Washington,District of Columbia,Virginia Commonwealth University
A.J. Hammons,1993,,,
Buddy Hield,1993,Freeport,Bahamas,University of Oklahoma
Danuel House,1993,Houston,Texas,Texas A&M University
Shawn Long,1993,Morgan City,Louisiana,University of Louisiana at Lafayette
Georges Niang,1993,Lawrence,Massachusetts,Iowa State University
David Nwaba,1993,Los Angeles,California,"California Polytechnic State University, San Luis Obispo"
Daniel Ochefu,1993,Baltimore,Maryland,Villanova University
Alex Poythress,1993,Savannah,Georgia,University of Kentucky
Chasson Randle,1993,Rock Island,Illinois,Stanford University
Jarrod Uthoff,1993,Cedar Rapids,Iowa,University of Iowa
Denzel Valentine,1993,Lansing,Michigan,Michigan State University
Giannis Antetokounmpo,1994,Athens,Greece,
Archie Goodwin,1994,Little Rock,Arkansas,University of Kentucky
Jordan Adams,1994,Atlanta,Georgia,"University of California, Los Angeles"
Tyler Ennis,1994,Brampton,Canada,Syracuse University
Jerami Grant,1994,Portland,Oregon,Syracuse University
Gary Harris,1994,Fishers,Indiana,Michigan State University
Nerlens Noel,1994,Malden,Massachusetts,University of Kentucky
Jusuf Nurkic,1994,Tuzla,Bosnia and Herzegovina,
Elfrid Payton,1994,Gretna,Louisiana,University of Louisiana at Lafayette
Julius Randle,1994,Dallas,Texas,University of Kentucky
Marcus Smart,1994,Flower Mound,Texas,Oklahoma State University
Jarnell Stokes,1994,Memphis,Tennessee,University of Tennessee
Sam Dekker,1994,Sheboygan,Wisconsin,University of Wisconsin
Jerian Grant,1994,Portland,Oregon,Syracuse University
Montrezl Harrell,1994,Tarboro,North Carolina,University of Louisville
Aaron Harrison,1994,San Antonio,Texas,University of Kentucky
Jarell Martin,1994,Baton Rouge,Louisiana,Louisiana State University
T.J. McConnell,1994,,,
Jordan Mickey,1994,Dallas,Texas,Louisiana State University
Cameron Payne,1994,Memphis,Tennessee,Murray State University
Terry Rozier,1994,Youngstown,Ohio,University of Louisville
D'Angelo Russell,1994,,,
DeAndre' Bembry,1994,Charlotte,North Carolina,Saint Joseph's University
Joel Bolomboy,1994,Kiev,Ukraine,Weber State University
Kris Dunn,1994,New London,Connecticut,Providence College
Joel Embiid,1994,Yaounde,Cameroon,University of Kansas
Marcus Georges-Hunt,1994,Miami,Florida,Georgia Institute of Technology
Andrew Harrison,1994,San Antonio,Texas,University of Kentucky
Willy Hernangomez,1994,Madrid,Spain,
Demetrius Jackson,1994,South Bend,Indiana,University of Notre Dame
Jake Layman,1994,Norwood,Massachusetts,University of Maryland
Caris LeVert,1994,Columbus,Ohio,University of Michigan
Tim Quarterman,1994,Savannah,Georgia,Louisiana State University
Dario Saric,1994,Sibenik,Croatia,
Wayne Selden,1994,Roxbury,Massachusetts,University of Kansas
Pascal Siakam,1994,Douala,Cameroon,New Mexico State University
Isaiah Taylor,1994,Hayward,California,University of Texas at Austin
Mike Tobey,1994,Monroe,New York,University of Virginia
Fred VanVleet,1994,Rockford,Illinois,Wichita State University
Taurean Waller-Prince,1994,,,
Paul Zipser,1994,Heidelberg,Germany,
Bruno Caboclo,1995,Osasco,Brazil,
Clint Capela,1995,,,
Dante Exum,1995,Melbourne,Australia,
Aaron Gordon,1995,San Jose,California,University of Arizona
Zach LaVine,1995,Renton,Washington,"University of California, Los Angeles"
Jabari Parker,1995,Chicago,Illinois,Duke University
Noah Vonleh,1995,Haverhill,Massachusetts,Indiana University
T.J. Warren,1995,,,
Andrew Wiggins,1995,Toronto,Canada,University of Kansas
C.J. Wilcox,1995,,,
James Young,1995,Flint,Michigan,University of Kentucky
Cliff Alexander,1995,Chicago,Illinois,University of Kansas
Mario Hezonja,1995,Dubrovnik,Croatia,
Rondae Hollis-Jefferson,1995,Chester,Pennsylvania,University of Arizona
Damien Inglis,1995,Cayenne,French Guiana,
Nikola Jokic,1995,Sombor,Serbia,
Trey Lyles,1995,Saskatoon,Canada,University of Kentucky
Chris McCullough,1995,Bronx,New York,Syracuse University
Jahlil Okafor,1995,Chicago,Illinois,Duke University
Kelly Oubre,1995,New Orleans,Louisiana,University of Kansas
Bobby Portis,1995,Little Rock,Arkansas,University of Arkansas
Kristaps Porzingis,1995,Liepaja,Latvia,
Karl-Anthony Towns,1995,Edison,New Jersey,University of Kentucky
Christian Wood,1995,Long Beach,California,"University of Nevada, Las Vegas"
Ben Bentil,1995,Ghana,,Providence College
Kay Felder,1995,Detroit,Michigan,Oakland University
Juan Hernangomez,1995,Madrid,Spain,
Timothe Luwawu-Cabarrot,1995,Cannes,France,
Patrick McCaw,1995,St. Louis,Missouri,"University of Nevada, Las Vegas"
Jakob Poeltl,1995,Vienna,Austria,University of Utah
Isaiah Whitehead,1995,Brooklyn,New York,Seton Hall University
Devin Booker,1996,Grand Rapids,Michigan,University of Kentucky
Tyus Jones,1996,Burnsville,Minnesota,Duke University
Kevon Looney,1996,Milwaukee,Wisconsin,"University of California, Los Angeles"
Emmanuel Mudiay,1996,Kinshasa,Democratic Republic of the Congo,
Xavier Munford,1996,,,
Myles Turner,1996,Bedford,Texas,University of Texas at Austin
Rashad Vaughn,1996,Minneapolis,Minnesota,"University of Nevada, Las Vegas"
Justise Winslow,1996,Houston,Texas,Duke University
Wade Baldwin,1996,Belle Mead,New Jersey,Vanderbilt University
Malik Beasley,1996,Atlanta,Georgia,Florida State University
Deyonta Davis,1996,Muskegon,Michigan,Michigan State University
Cheick Diallo,1996,Kayes,Mali,University of Kansas
Skal Labissiere,1996,Port-Au-Prince,Haiti,University of Kentucky
Dejounte Murray,1996,Seattle,Washington,University of Washington
Chinanu Onuaku,1996,Baltimore,Maryland,University of Louisville
Malachi Richardson,1996,Trenton,New Jersey,Syracuse University
Domantas Sabonis,1996,Portland,Oregon,Gonzaga University
Tyler Ulis,1996,Detroit,Michigan,University of Kentucky
Stephen Zimmerman,1996,Hendersonville,Tennessee,"University of Nevada, Las Vegas"
Dragan Bender,1997,Capljina,Bosnia and Herzegovina,
Marquese Chriss,1997,Sacramento,California,University of Washington
Henry Ellenson,1997,Rice Lake,Wisconsin,Marquette University
Brandon Ingram,1997,Kinston,North Carolina,Duke University
Thon Maker,1997,South Sudan,,
Jamal Murray,1997,Kitchener,Canada,University of Kentucky
Georgios Papagiannis,1997,Amarousio,Greece,
Diamond Stone,1997,Milwaukee,Wisconsin,University of Maryland
Edy Tavares,1997,,,
Ivica Zubac,1997,Mostar,Bosnia and Herzegovina,
